,unique-id,social-graph,home-timeline,media,compose-post,user,text,url-shorten,user-mention,user-timeline,post-storage,nginx,service-user-cpu_util,service-user-mem_util,service-user-netio_read,service-user-netio_write,service-user-blkio_read,service-user-blkio_write,service-post-storage-cpu_util,service-post-storage-mem_util,service-post-storage-netio_read,service-post-storage-netio_write,service-post-storage-blkio_read,service-post-storage-blkio_write,service-nginx-cpu_util,service-nginx-mem_util,service-nginx-netio_read,service-nginx-netio_write,service-nginx-blkio_read,service-nginx-blkio_write,service-media-cpu_util,service-media-mem_util,service-media-netio_read,service-media-netio_write,service-media-blkio_read,service-media-blkio_write,service-compose-post-cpu_util,service-compose-post-mem_util,service-compose-post-netio_read,service-compose-post-netio_write,service-compose-post-blkio_read,service-compose-post-blkio_write,service-unique-id-cpu_util,service-unique-id-mem_util,service-unique-id-netio_read,service-unique-id-netio_write,service-unique-id-blkio_read,service-unique-id-blkio_write,service-url-shorten-cpu_util,service-url-shorten-mem_util,service-url-shorten-netio_read,service-url-shorten-netio_write,service-url-shorten-blkio_read,service-url-shorten-blkio_write,service-user-timeline-cpu_util,service-user-timeline-mem_util,service-user-timeline-netio_read,service-user-timeline-netio_write,service-user-timeline-blkio_read,service-user-timeline-blkio_write,service-home-timeline-cpu_util,service-home-timeline-mem_util,service-home-timeline-netio_read,service-home-timeline-netio_write,service-home-timeline-blkio_read,service-home-timeline-blkio_write,service-text-cpu_util,service-text-mem_util,service-text-netio_read,service-text-netio_write,service-text-blkio_read,service-text-blkio_write,service-user-mention-cpu_util,service-user-mention-mem_util,service-user-mention-netio_read,service-user-mention-netio_write,service-user-mention-blkio_read,service-user-mention-blkio_write,service-social-graph-cpu_util,service-social-graph-mem_util,service-social-graph-netio_read,service-social-graph-netio_write,service-social-graph-blkio_read,service-social-graph-blkio_write
0,13,1645,2473,7,10731,6,3818,1197,1680,1776,1093,14684,0.77,1.31,3134000.0,2119000.0,0.0,0.0,0.85,1.29,5447700.0,3563000.0,0.0,0.0,0.29,0.45,2040000.0,2480000.0,0.0,0.0,0.42,1.49,678000.0,382000.0,0.0,0.0,1.26,0.05,4730000.0,6720000.0,0.0,0.0,0.02,0.04,507000.0,282000.0,0.0,0.0,0.94,1.3,3068000.0,3028000.0,0.0,0.0,1.1600000000000001,1.31,2835000.0,2572000.0,0.0,0.0,0.3,0.11,905000.0,912100.0,0.0,0.0,0.56,0.02,2530000.0,3200000.0,0.0,0.0,0.29,0.03,1890000.0,2370000.0,0.0,0.0,0.99,1.3199999999999998,2276000.0,2051000.0,0.0,0.0
1,13,1703,3305,10,11329,8,4117,1471,1900,1829,962,16893,0.77,1.31,3134000.0,2119000.0,0.0,0.0,0.85,1.29,5447700.0,3563000.0,0.0,0.0,0.29,0.45,2040000.0,2480000.0,0.0,0.0,0.42,1.49,678000.0,382000.0,0.0,0.0,1.26,0.05,4730000.0,6720000.0,0.0,0.0,0.02,0.04,507000.0,282000.0,0.0,0.0,0.94,1.3,3068000.0,3028000.0,0.0,0.0,1.1600000000000001,1.31,2835000.0,2572000.0,0.0,0.0,0.3,0.11,905000.0,912100.0,0.0,0.0,0.56,0.02,2530000.0,3200000.0,0.0,0.0,0.29,0.03,1890000.0,2370000.0,0.0,0.0,0.99,1.3199999999999998,2276000.0,2051000.0,0.0,0.0
2,13,1621,2184,6,10294,6,4180,1274,2056,1782,961,14074,0.77,1.31,3134000.0,2119000.0,0.0,0.0,0.85,1.29,5447700.0,3563000.0,0.0,0.0,0.29,0.45,2040000.0,2480000.0,0.0,0.0,0.42,1.49,678000.0,382000.0,0.0,0.0,1.26,0.05,4730000.0,6720000.0,0.0,0.0,0.02,0.04,507000.0,282000.0,0.0,0.0,0.94,1.3,3068000.0,3028000.0,0.0,0.0,1.1600000000000001,1.31,2835000.0,2572000.0,0.0,0.0,0.3,0.11,905000.0,912100.0,0.0,0.0,0.56,0.02,2530000.0,3200000.0,0.0,0.0,0.29,0.03,1890000.0,2370000.0,0.0,0.0,0.99,1.3199999999999998,2276000.0,2051000.0,0.0,0.0
3,14,1759,2363,11,11166,6,4485,1379,1867,1896,1251,14611,0.77,1.31,3134000.0,2119000.0,0.0,0.0,0.85,1.29,5447700.0,3563000.0,0.0,0.0,0.29,0.45,2040000.0,2480000.0,0.0,0.0,0.42,1.49,678000.0,382000.0,0.0,0.0,1.26,0.05,4730000.0,6720000.0,0.0,0.0,0.02,0.04,507000.0,282000.0,0.0,0.0,0.94,1.3,3068000.0,3028000.0,0.0,0.0,1.1600000000000001,1.31,2835000.0,2572000.0,0.0,0.0,0.3,0.11,905000.0,912100.0,0.0,0.0,0.56,0.02,2530000.0,3200000.0,0.0,0.0,0.29,0.03,1890000.0,2370000.0,0.0,0.0,0.99,1.3199999999999998,2276000.0,2051000.0,0.0,0.0
4,13,2000,4039,7,13511,9,4395,1299,1841,1945,1162,17961,0.77,1.31,3134000.0,2119000.0,0.0,0.0,0.85,1.29,5447700.0,3563000.0,0.0,0.0,0.29,0.45,2040000.0,2480000.0,0.0,0.0,0.42,1.49,678000.0,382000.0,0.0,0.0,1.26,0.05,4730000.0,6720000.0,0.0,0.0,0.02,0.04,507000.0,282000.0,0.0,0.0,0.94,1.3,3068000.0,3028000.0,0.0,0.0,1.1600000000000001,1.31,2835000.0,2572000.0,0.0,0.0,0.3,0.11,905000.0,912100.0,0.0,0.0,0.56,0.02,2530000.0,3200000.0,0.0,0.0,0.29,0.03,1890000.0,2370000.0,0.0,0.0,0.99,1.3199999999999998,2276000.0,2051000.0,0.0,0.0
5,13,1603,2351,7,11171,29,3858,1103,1700,1769,1054,14069,0.77,1.31,3134000.0,2119000.0,0.0,0.0,0.85,1.29,5447700.0,3563000.0,0.0,0.0,0.29,0.45,2040000.0,2480000.0,0.0,0.0,0.42,1.49,678000.0,382000.0,0.0,0.0,1.26,0.05,4730000.0,6720000.0,0.0,0.0,0.02,0.04,507000.0,282000.0,0.0,0.0,0.94,1.3,3068000.0,3028000.0,0.0,0.0,1.1600000000000001,1.31,2835000.0,2572000.0,0.0,0.0,0.3,0.11,905000.0,912100.0,0.0,0.0,0.56,0.02,2530000.0,3200000.0,0.0,0.0,0.29,0.03,1890000.0,2370000.0,0.0,0.0,0.99,1.3199999999999998,2276000.0,2051000.0,0.0,0.0
6,14,1759,3650,7,12497,6,4589,1507,2030,1900,1085,16950,0.77,1.31,3134000.0,2119000.0,0.0,0.0,0.85,1.29,5447700.0,3563000.0,0.0,0.0,0.29,0.45,2040000.0,2480000.0,0.0,0.0,0.42,1.49,678000.0,382000.0,0.0,0.0,1.26,0.05,4730000.0,6720000.0,0.0,0.0,0.02,0.04,507000.0,282000.0,0.0,0.0,0.94,1.3,3068000.0,3028000.0,0.0,0.0,1.1600000000000001,1.31,2835000.0,2572000.0,0.0,0.0,0.3,0.11,905000.0,912100.0,0.0,0.0,0.56,0.02,2530000.0,3200000.0,0.0,0.0,0.29,0.03,1890000.0,2370000.0,0.0,0.0,0.99,1.3199999999999998,2276000.0,2051000.0,0.0,0.0
7,22,1936,3499,10,18162,11,6235,1876,1875,1595,1033,22011,0.77,1.31,3134000.0,2119000.0,0.0,0.0,0.85,1.29,5447700.0,3563000.0,0.0,0.0,0.29,0.45,2040000.0,2480000.0,0.0,0.0,0.42,1.49,678000.0,382000.0,0.0,0.0,1.26,0.05,4730000.0,6720000.0,0.0,0.0,0.02,0.04,507000.0,282000.0,0.0,0.0,0.94,1.3,3068000.0,3028000.0,0.0,0.0,1.1600000000000001,1.31,2835000.0,2572000.0,0.0,0.0,0.3,0.11,905000.0,912100.0,0.0,0.0,0.56,0.02,2530000.0,3200000.0,0.0,0.0,0.29,0.03,1890000.0,2370000.0,0.0,0.0,0.99,1.3199999999999998,2276000.0,2051000.0,0.0,0.0
8,14,1635,2368,25,10388,20,3914,1256,1897,1872,1021,14206,0.77,1.31,3134000.0,2119000.0,0.0,0.0,0.85,1.29,5447700.0,3563000.0,0.0,0.0,0.29,0.45,2040000.0,2480000.0,0.0,0.0,0.42,1.49,678000.0,382000.0,0.0,0.0,1.26,0.05,4730000.0,6720000.0,0.0,0.0,0.02,0.04,507000.0,282000.0,0.0,0.0,0.94,1.3,3068000.0,3028000.0,0.0,0.0,1.1600000000000001,1.31,2835000.0,2572000.0,0.0,0.0,0.3,0.11,905000.0,912100.0,0.0,0.0,0.56,0.02,2530000.0,3200000.0,0.0,0.0,0.29,0.03,1890000.0,2370000.0,0.0,0.0,0.99,1.3199999999999998,2276000.0,2051000.0,0.0,0.0
9,13,2121,3017,26,12622,7,5005,1485,2402,2176,1208,17426,0.77,1.31,3134000.0,2119000.0,0.0,0.0,0.85,1.29,5447700.0,3563000.0,0.0,0.0,0.29,0.45,2040000.0,2480000.0,0.0,0.0,0.42,1.49,678000.0,382000.0,0.0,0.0,1.26,0.05,4730000.0,6720000.0,0.0,0.0,0.02,0.04,507000.0,282000.0,0.0,0.0,0.94,1.3,3068000.0,3028000.0,0.0,0.0,1.1600000000000001,1.31,2835000.0,2572000.0,0.0,0.0,0.3,0.11,905000.0,912100.0,0.0,0.0,0.56,0.02,2530000.0,3200000.0,0.0,0.0,0.29,0.03,1890000.0,2370000.0,0.0,0.0,0.99,1.3199999999999998,2276000.0,2051000.0,0.0,0.0
10,14,1694,3166,7,11226,6,3714,1187,1679,1720,1044,15672,0.77,1.31,3134000.0,2119000.0,0.0,0.0,0.85,1.29,5447700.0,3563000.0,0.0,0.0,0.29,0.45,2040000.0,2480000.0,0.0,0.0,0.42,1.49,678000.0,382000.0,0.0,0.0,1.26,0.05,4730000.0,6720000.0,0.0,0.0,0.02,0.04,507000.0,282000.0,0.0,0.0,0.94,1.3,3068000.0,3028000.0,0.0,0.0,1.1600000000000001,1.31,2835000.0,2572000.0,0.0,0.0,0.3,0.11,905000.0,912100.0,0.0,0.0,0.56,0.02,2530000.0,3200000.0,0.0,0.0,0.29,0.03,1890000.0,2370000.0,0.0,0.0,0.99,1.3199999999999998,2276000.0,2051000.0,0.0,0.0
11,22,1577,2389,10,11682,11,4440,1227,1694,1814,995,17021,0.77,1.31,3134000.0,2119000.0,0.0,0.0,0.85,1.29,5447700.0,3563000.0,0.0,0.0,0.29,0.45,2040000.0,2480000.0,0.0,0.0,0.42,1.49,678000.0,382000.0,0.0,0.0,1.26,0.05,4730000.0,6720000.0,0.0,0.0,0.02,0.04,507000.0,282000.0,0.0,0.0,0.94,1.3,3068000.0,3028000.0,0.0,0.0,1.1600000000000001,1.31,2835000.0,2572000.0,0.0,0.0,0.3,0.11,905000.0,912100.0,0.0,0.0,0.56,0.02,2530000.0,3200000.0,0.0,0.0,0.29,0.03,1890000.0,2370000.0,0.0,0.0,0.99,1.3199999999999998,2276000.0,2051000.0,0.0,0.0
12,13,1868,2640,6,11374,7,4533,1425,2051,1885,1138,15652,0.77,1.31,3134000.0,2119000.0,0.0,0.0,0.85,1.29,5447700.0,3563000.0,0.0,0.0,0.29,0.45,2040000.0,2480000.0,0.0,0.0,0.42,1.49,678000.0,382000.0,0.0,0.0,1.26,0.05,4730000.0,6720000.0,0.0,0.0,0.02,0.04,507000.0,282000.0,0.0,0.0,0.94,1.3,3068000.0,3028000.0,0.0,0.0,1.1600000000000001,1.31,2835000.0,2572000.0,0.0,0.0,0.3,0.11,905000.0,912100.0,0.0,0.0,0.56,0.02,2530000.0,3200000.0,0.0,0.0,0.29,0.03,1890000.0,2370000.0,0.0,0.0,0.99,1.3199999999999998,2276000.0,2051000.0,0.0,0.0
13,17,2249,3086,7,13984,8,5594,1736,2587,2323,1330,18890,0.77,1.31,3134000.0,2119000.0,0.0,0.0,0.85,1.29,5447700.0,3563000.0,0.0,0.0,0.29,0.45,2040000.0,2480000.0,0.0,0.0,0.42,1.49,678000.0,382000.0,0.0,0.0,1.26,0.05,4730000.0,6720000.0,0.0,0.0,0.02,0.04,507000.0,282000.0,0.0,0.0,0.94,1.3,3068000.0,3028000.0,0.0,0.0,1.1600000000000001,1.31,2835000.0,2572000.0,0.0,0.0,0.3,0.11,905000.0,912100.0,0.0,0.0,0.56,0.02,2530000.0,3200000.0,0.0,0.0,0.29,0.03,1890000.0,2370000.0,0.0,0.0,0.99,1.3199999999999998,2276000.0,2051000.0,0.0,0.0
14,13,1739,2525,7,11156,6,4230,1320,2112,1885,1076,15102,0.77,1.31,3134000.0,2119000.0,0.0,0.0,0.85,1.29,5447700.0,3563000.0,0.0,0.0,0.29,0.45,2040000.0,2480000.0,0.0,0.0,0.42,1.49,678000.0,382000.0,0.0,0.0,1.26,0.05,4730000.0,6720000.0,0.0,0.0,0.02,0.04,507000.0,282000.0,0.0,0.0,0.94,1.3,3068000.0,3028000.0,0.0,0.0,1.1600000000000001,1.31,2835000.0,2572000.0,0.0,0.0,0.3,0.11,905000.0,912100.0,0.0,0.0,0.56,0.02,2530000.0,3200000.0,0.0,0.0,0.29,0.03,1890000.0,2370000.0,0.0,0.0,0.99,1.3199999999999998,2276000.0,2051000.0,0.0,0.0
15,14,1752,2753,6,12393,6,5004,1552,2574,2024,1241,23354,0.77,1.31,3134000.0,2119000.0,0.0,0.0,0.85,1.29,5447700.0,3563000.0,0.0,0.0,0.29,0.45,2040000.0,2480000.0,0.0,0.0,0.42,1.49,678000.0,382000.0,0.0,0.0,1.26,0.05,4730000.0,6720000.0,0.0,0.0,0.02,0.04,507000.0,282000.0,0.0,0.0,0.94,1.3,3068000.0,3028000.0,0.0,0.0,1.1600000000000001,1.31,2835000.0,2572000.0,0.0,0.0,0.3,0.11,905000.0,912100.0,0.0,0.0,0.56,0.02,2530000.0,3200000.0,0.0,0.0,0.29,0.03,1890000.0,2370000.0,0.0,0.0,0.99,1.3199999999999998,2276000.0,2051000.0,0.0,0.0
16,21,2271,3108,10,14038,11,5691,1855,2580,2276,1326,19029,0.77,1.31,3134000.0,2119000.0,0.0,0.0,0.85,1.29,5447700.0,3563000.0,0.0,0.0,0.29,0.45,2040000.0,2480000.0,0.0,0.0,0.42,1.49,678000.0,382000.0,0.0,0.0,1.26,0.05,4730000.0,6720000.0,0.0,0.0,0.02,0.04,507000.0,282000.0,0.0,0.0,0.94,1.3,3068000.0,3028000.0,0.0,0.0,1.1600000000000001,1.31,2835000.0,2572000.0,0.0,0.0,0.3,0.11,905000.0,912100.0,0.0,0.0,0.56,0.02,2530000.0,3200000.0,0.0,0.0,0.29,0.03,1890000.0,2370000.0,0.0,0.0,0.99,1.3199999999999998,2276000.0,2051000.0,0.0,0.0
17,13,1539,2236,6,10107,6,3811,1171,1601,1683,920,13737,0.77,1.31,3134000.0,2119000.0,0.0,0.0,0.85,1.29,5447700.0,3563000.0,0.0,0.0,0.29,0.45,2040000.0,2480000.0,0.0,0.0,0.42,1.49,678000.0,382000.0,0.0,0.0,1.26,0.05,4730000.0,6720000.0,0.0,0.0,0.02,0.04,507000.0,282000.0,0.0,0.0,0.94,1.3,3068000.0,3028000.0,0.0,0.0,1.1600000000000001,1.31,2835000.0,2572000.0,0.0,0.0,0.3,0.11,905000.0,912100.0,0.0,0.0,0.56,0.02,2530000.0,3200000.0,0.0,0.0,0.29,0.03,1890000.0,2370000.0,0.0,0.0,0.99,1.3199999999999998,2276000.0,2051000.0,0.0,0.0
18,22,1439,3653,7,19144,28,5350,1241,1738,2094,1307,21136,0.77,1.31,3134000.0,2119000.0,0.0,0.0,0.85,1.29,5447700.0,3563000.0,0.0,0.0,0.29,0.45,2040000.0,2480000.0,0.0,0.0,0.42,1.49,678000.0,382000.0,0.0,0.0,1.26,0.05,4730000.0,6720000.0,0.0,0.0,0.02,0.04,507000.0,282000.0,0.0,0.0,0.94,1.3,3068000.0,3028000.0,0.0,0.0,1.1600000000000001,1.31,2835000.0,2572000.0,0.0,0.0,0.3,0.11,905000.0,912100.0,0.0,0.0,0.56,0.02,2530000.0,3200000.0,0.0,0.0,0.29,0.03,1890000.0,2370000.0,0.0,0.0,0.99,1.3199999999999998,2276000.0,2051000.0,0.0,0.0
19,14,1740,2440,7,10420,7,3959,1305,1794,1730,1065,14105,0.77,1.31,3134000.0,2119000.0,0.0,0.0,0.85,1.29,5447700.0,3563000.0,0.0,0.0,0.29,0.45,2040000.0,2480000.0,0.0,0.0,0.42,1.49,678000.0,382000.0,0.0,0.0,1.26,0.05,4730000.0,6720000.0,0.0,0.0,0.02,0.04,507000.0,282000.0,0.0,0.0,0.94,1.3,3068000.0,3028000.0,0.0,0.0,1.1600000000000001,1.31,2835000.0,2572000.0,0.0,0.0,0.3,0.11,905000.0,912100.0,0.0,0.0,0.56,0.02,2530000.0,3200000.0,0.0,0.0,0.29,0.03,1890000.0,2370000.0,0.0,0.0,0.99,1.3199999999999998,2276000.0,2051000.0,0.0,0.0
20,52,1641,3623,7,18801,30,5327,1323,1687,2147,1240,20754,0.77,1.31,3134000.0,2119000.0,0.0,0.0,0.85,1.29,5447700.0,3563000.0,0.0,0.0,0.29,0.45,2040000.0,2480000.0,0.0,0.0,0.42,1.49,678000.0,382000.0,0.0,0.0,1.26,0.05,4730000.0,6720000.0,0.0,0.0,0.02,0.04,507000.0,282000.0,0.0,0.0,0.94,1.3,3068000.0,3028000.0,0.0,0.0,1.1600000000000001,1.31,2835000.0,2572000.0,0.0,0.0,0.3,0.11,905000.0,912100.0,0.0,0.0,0.56,0.02,2530000.0,3200000.0,0.0,0.0,0.29,0.03,1890000.0,2370000.0,0.0,0.0,0.99,1.3199999999999998,2276000.0,2051000.0,0.0,0.0
21,14,1771,3438,8,11780,7,4247,1368,2010,1894,1076,16862,0.77,1.31,3134000.0,2119000.0,0.0,0.0,0.85,1.29,5447700.0,3563000.0,0.0,0.0,0.29,0.45,2040000.0,2480000.0,0.0,0.0,0.42,1.49,678000.0,382000.0,0.0,0.0,1.26,0.05,4730000.0,6720000.0,0.0,0.0,0.02,0.04,507000.0,282000.0,0.0,0.0,0.94,1.3,3068000.0,3028000.0,0.0,0.0,1.1600000000000001,1.31,2835000.0,2572000.0,0.0,0.0,0.3,0.11,905000.0,912100.0,0.0,0.0,0.56,0.02,2530000.0,3200000.0,0.0,0.0,0.29,0.03,1890000.0,2370000.0,0.0,0.0,0.99,1.3199999999999998,2276000.0,2051000.0,0.0,0.0
22,14,1512,2280,7,10295,6,3704,1127,1758,1865,996,13794,0.77,1.31,3134000.0,2119000.0,0.0,0.0,0.85,1.29,5447700.0,3563000.0,0.0,0.0,0.29,0.45,2040000.0,2480000.0,0.0,0.0,0.42,1.49,678000.0,382000.0,0.0,0.0,1.26,0.05,4730000.0,6720000.0,0.0,0.0,0.02,0.04,507000.0,282000.0,0.0,0.0,0.94,1.3,3068000.0,3028000.0,0.0,0.0,1.1600000000000001,1.31,2835000.0,2572000.0,0.0,0.0,0.3,0.11,905000.0,912100.0,0.0,0.0,0.56,0.02,2530000.0,3200000.0,0.0,0.0,0.29,0.03,1890000.0,2370000.0,0.0,0.0,0.99,1.3199999999999998,2276000.0,2051000.0,0.0,0.0
23,12,1524,2517,25,10891,6,3637,1149,1715,1882,1256,14887,0.77,1.31,3134000.0,2119000.0,0.0,0.0,0.85,1.29,5447700.0,3563000.0,0.0,0.0,0.29,0.45,2040000.0,2480000.0,0.0,0.0,0.42,1.49,678000.0,382000.0,0.0,0.0,1.26,0.05,4730000.0,6720000.0,0.0,0.0,0.02,0.04,507000.0,282000.0,0.0,0.0,0.94,1.3,3068000.0,3028000.0,0.0,0.0,1.1600000000000001,1.31,2835000.0,2572000.0,0.0,0.0,0.3,0.11,905000.0,912100.0,0.0,0.0,0.56,0.02,2530000.0,3200000.0,0.0,0.0,0.29,0.03,1890000.0,2370000.0,0.0,0.0,0.99,1.3199999999999998,2276000.0,2051000.0,0.0,0.0
24,12,1543,2237,7,10015,27,3683,1160,1604,1674,937,14214,0.77,1.31,3134000.0,2119000.0,0.0,0.0,0.85,1.29,5447700.0,3563000.0,0.0,0.0,0.29,0.45,2040000.0,2480000.0,0.0,0.0,0.42,1.49,678000.0,382000.0,0.0,0.0,1.26,0.05,4730000.0,6720000.0,0.0,0.0,0.02,0.04,507000.0,282000.0,0.0,0.0,0.94,1.3,3068000.0,3028000.0,0.0,0.0,1.1600000000000001,1.31,2835000.0,2572000.0,0.0,0.0,0.3,0.11,905000.0,912100.0,0.0,0.0,0.56,0.02,2530000.0,3200000.0,0.0,0.0,0.29,0.03,1890000.0,2370000.0,0.0,0.0,0.99,1.3199999999999998,2276000.0,2051000.0,0.0,0.0
25,17,1692,4422,6,19776,6,5523,1174,1822,2151,926,24507,0.77,1.31,3134000.0,2119000.0,0.0,0.0,0.85,1.29,5447700.0,3563000.0,0.0,0.0,0.29,0.45,2040000.0,2480000.0,0.0,0.0,0.42,1.49,678000.0,382000.0,0.0,0.0,1.26,0.05,4730000.0,6720000.0,0.0,0.0,0.02,0.04,507000.0,282000.0,0.0,0.0,0.94,1.3,3068000.0,3028000.0,0.0,0.0,1.1600000000000001,1.31,2835000.0,2572000.0,0.0,0.0,0.3,0.11,905000.0,912100.0,0.0,0.0,0.56,0.02,2530000.0,3200000.0,0.0,0.0,0.29,0.03,1890000.0,2370000.0,0.0,0.0,0.99,1.3199999999999998,2276000.0,2051000.0,0.0,0.0
26,13,1723,2439,6,10926,6,4158,1372,1802,1834,1164,15256,0.77,1.31,3134000.0,2119000.0,0.0,0.0,0.85,1.29,5447700.0,3563000.0,0.0,0.0,0.29,0.45,2040000.0,2480000.0,0.0,0.0,0.42,1.49,678000.0,382000.0,0.0,0.0,1.26,0.05,4730000.0,6720000.0,0.0,0.0,0.02,0.04,507000.0,282000.0,0.0,0.0,0.94,1.3,3068000.0,3028000.0,0.0,0.0,1.1600000000000001,1.31,2835000.0,2572000.0,0.0,0.0,0.3,0.11,905000.0,912100.0,0.0,0.0,0.56,0.02,2530000.0,3200000.0,0.0,0.0,0.29,0.03,1890000.0,2370000.0,0.0,0.0,0.99,1.3199999999999998,2276000.0,2051000.0,0.0,0.0
27,14,1657,2373,20,10477,7,3975,1223,1954,1784,1165,14355,0.77,1.31,3134000.0,2119000.0,0.0,0.0,0.85,1.29,5447700.0,3563000.0,0.0,0.0,0.29,0.45,2040000.0,2480000.0,0.0,0.0,0.42,1.49,678000.0,382000.0,0.0,0.0,1.26,0.05,4730000.0,6720000.0,0.0,0.0,0.02,0.04,507000.0,282000.0,0.0,0.0,0.94,1.3,3068000.0,3028000.0,0.0,0.0,1.1600000000000001,1.31,2835000.0,2572000.0,0.0,0.0,0.3,0.11,905000.0,912100.0,0.0,0.0,0.56,0.02,2530000.0,3200000.0,0.0,0.0,0.29,0.03,1890000.0,2370000.0,0.0,0.0,0.99,1.3199999999999998,2276000.0,2051000.0,0.0,0.0
28,18,1148,1715,6,7580,11,3000,1155,1344,1350,734,10911,0.77,1.31,3134000.0,2119000.0,0.0,0.0,0.85,1.29,5447700.0,3563000.0,0.0,0.0,0.29,0.45,2040000.0,2480000.0,0.0,0.0,0.42,1.49,678000.0,382000.0,0.0,0.0,1.26,0.05,4730000.0,6720000.0,0.0,0.0,0.02,0.04,507000.0,282000.0,0.0,0.0,0.94,1.3,3068000.0,3028000.0,0.0,0.0,1.1600000000000001,1.31,2835000.0,2572000.0,0.0,0.0,0.3,0.11,905000.0,912100.0,0.0,0.0,0.56,0.02,2530000.0,3200000.0,0.0,0.0,0.29,0.03,1890000.0,2370000.0,0.0,0.0,0.99,1.3199999999999998,2276000.0,2051000.0,0.0,0.0
29,34,1752,2459,20,10674,6,3883,1189,1843,1941,1192,14454,0.77,1.31,3134000.0,2119000.0,0.0,0.0,0.85,1.29,5447700.0,3563000.0,0.0,0.0,0.29,0.45,2040000.0,2480000.0,0.0,0.0,0.42,1.49,678000.0,382000.0,0.0,0.0,1.26,0.05,4730000.0,6720000.0,0.0,0.0,0.02,0.04,507000.0,282000.0,0.0,0.0,0.94,1.3,3068000.0,3028000.0,0.0,0.0,1.1600000000000001,1.31,2835000.0,2572000.0,0.0,0.0,0.3,0.11,905000.0,912100.0,0.0,0.0,0.56,0.02,2530000.0,3200000.0,0.0,0.0,0.29,0.03,1890000.0,2370000.0,0.0,0.0,0.99,1.3199999999999998,2276000.0,2051000.0,0.0,0.0
30,49,1834,2570,7,10899,6,4083,1448,1821,1994,998,14527,0.77,1.31,3134000.0,2119000.0,0.0,0.0,0.85,1.29,5447700.0,3563000.0,0.0,0.0,0.29,0.45,2040000.0,2480000.0,0.0,0.0,0.42,1.49,678000.0,382000.0,0.0,0.0,1.26,0.05,4730000.0,6720000.0,0.0,0.0,0.02,0.04,507000.0,282000.0,0.0,0.0,0.94,1.3,3068000.0,3028000.0,0.0,0.0,1.1600000000000001,1.31,2835000.0,2572000.0,0.0,0.0,0.3,0.11,905000.0,912100.0,0.0,0.0,0.56,0.02,2530000.0,3200000.0,0.0,0.0,0.29,0.03,1890000.0,2370000.0,0.0,0.0,0.99,1.3199999999999998,2276000.0,2051000.0,0.0,0.0
31,14,1573,2290,7,10379,6,3911,1260,1707,1738,1037,14370,0.77,1.31,3134000.0,2119000.0,0.0,0.0,0.85,1.29,5447700.0,3563000.0,0.0,0.0,0.29,0.45,2040000.0,2480000.0,0.0,0.0,0.42,1.49,678000.0,382000.0,0.0,0.0,1.26,0.05,4730000.0,6720000.0,0.0,0.0,0.02,0.04,507000.0,282000.0,0.0,0.0,0.94,1.3,3068000.0,3028000.0,0.0,0.0,1.1600000000000001,1.31,2835000.0,2572000.0,0.0,0.0,0.3,0.11,905000.0,912100.0,0.0,0.0,0.56,0.02,2530000.0,3200000.0,0.0,0.0,0.29,0.03,1890000.0,2370000.0,0.0,0.0,0.99,1.3199999999999998,2276000.0,2051000.0,0.0,0.0
32,59,1601,2435,6,11203,6,4185,1419,1837,1944,1122,14606,0.77,1.31,3134000.0,2119000.0,0.0,0.0,0.85,1.29,5447700.0,3563000.0,0.0,0.0,0.29,0.45,2040000.0,2480000.0,0.0,0.0,0.42,1.49,678000.0,382000.0,0.0,0.0,1.26,0.05,4730000.0,6720000.0,0.0,0.0,0.02,0.04,507000.0,282000.0,0.0,0.0,0.94,1.3,3068000.0,3028000.0,0.0,0.0,1.1600000000000001,1.31,2835000.0,2572000.0,0.0,0.0,0.3,0.11,905000.0,912100.0,0.0,0.0,0.56,0.02,2530000.0,3200000.0,0.0,0.0,0.29,0.03,1890000.0,2370000.0,0.0,0.0,0.99,1.3199999999999998,2276000.0,2051000.0,0.0,0.0
33,13,1958,2688,7,11696,7,4190,1204,1895,1995,1158,15394,0.77,1.31,3134000.0,2119000.0,0.0,0.0,0.85,1.29,5447700.0,3563000.0,0.0,0.0,0.29,0.45,2040000.0,2480000.0,0.0,0.0,0.42,1.49,678000.0,382000.0,0.0,0.0,1.26,0.05,4730000.0,6720000.0,0.0,0.0,0.02,0.04,507000.0,282000.0,0.0,0.0,0.94,1.3,3068000.0,3028000.0,0.0,0.0,1.1600000000000001,1.31,2835000.0,2572000.0,0.0,0.0,0.3,0.11,905000.0,912100.0,0.0,0.0,0.56,0.02,2530000.0,3200000.0,0.0,0.0,0.29,0.03,1890000.0,2370000.0,0.0,0.0,0.99,1.3199999999999998,2276000.0,2051000.0,0.0,0.0
34,14,1650,2557,26,10496,7,3726,1158,1787,1822,1019,14017,0.77,1.31,3134000.0,2119000.0,0.0,0.0,0.85,1.29,5447700.0,3563000.0,0.0,0.0,0.29,0.45,2040000.0,2480000.0,0.0,0.0,0.42,1.49,678000.0,382000.0,0.0,0.0,1.26,0.05,4730000.0,6720000.0,0.0,0.0,0.02,0.04,507000.0,282000.0,0.0,0.0,0.94,1.3,3068000.0,3028000.0,0.0,0.0,1.1600000000000001,1.31,2835000.0,2572000.0,0.0,0.0,0.3,0.11,905000.0,912100.0,0.0,0.0,0.56,0.02,2530000.0,3200000.0,0.0,0.0,0.29,0.03,1890000.0,2370000.0,0.0,0.0,0.99,1.3199999999999998,2276000.0,2051000.0,0.0,0.0
35,19,1747,2521,8,10592,8,3919,1107,1732,1920,1037,14170,0.77,1.31,3134000.0,2119000.0,0.0,0.0,0.85,1.29,5447700.0,3563000.0,0.0,0.0,0.29,0.45,2040000.0,2480000.0,0.0,0.0,0.42,1.49,678000.0,382000.0,0.0,0.0,1.26,0.05,4730000.0,6720000.0,0.0,0.0,0.02,0.04,507000.0,282000.0,0.0,0.0,0.94,1.3,3068000.0,3028000.0,0.0,0.0,1.1600000000000001,1.31,2835000.0,2572000.0,0.0,0.0,0.3,0.11,905000.0,912100.0,0.0,0.0,0.56,0.02,2530000.0,3200000.0,0.0,0.0,0.29,0.03,1890000.0,2370000.0,0.0,0.0,0.99,1.3199999999999998,2276000.0,2051000.0,0.0,0.0
36,13,1661,2339,27,10540,6,3851,1117,1656,1811,1029,13846,0.77,1.31,3134000.0,2119000.0,0.0,0.0,0.85,1.29,5447700.0,3563000.0,0.0,0.0,0.29,0.45,2040000.0,2480000.0,0.0,0.0,0.42,1.49,678000.0,382000.0,0.0,0.0,1.26,0.05,4730000.0,6720000.0,0.0,0.0,0.02,0.04,507000.0,282000.0,0.0,0.0,0.94,1.3,3068000.0,3028000.0,0.0,0.0,1.1600000000000001,1.31,2835000.0,2572000.0,0.0,0.0,0.3,0.11,905000.0,912100.0,0.0,0.0,0.56,0.02,2530000.0,3200000.0,0.0,0.0,0.29,0.03,1890000.0,2370000.0,0.0,0.0,0.99,1.3199999999999998,2276000.0,2051000.0,0.0,0.0
37,14,1526,2179,6,10048,6,3797,1239,1702,1858,971,14785,0.77,1.31,3134000.0,2119000.0,0.0,0.0,0.85,1.29,5447700.0,3563000.0,0.0,0.0,0.29,0.45,2040000.0,2480000.0,0.0,0.0,0.42,1.49,678000.0,382000.0,0.0,0.0,1.26,0.05,4730000.0,6720000.0,0.0,0.0,0.02,0.04,507000.0,282000.0,0.0,0.0,0.94,1.3,3068000.0,3028000.0,0.0,0.0,1.1600000000000001,1.31,2835000.0,2572000.0,0.0,0.0,0.3,0.11,905000.0,912100.0,0.0,0.0,0.56,0.02,2530000.0,3200000.0,0.0,0.0,0.29,0.03,1890000.0,2370000.0,0.0,0.0,0.99,1.3199999999999998,2276000.0,2051000.0,0.0,0.0
38,14,1649,2328,26,10558,7,4375,1471,1909,1767,1059,14538,0.77,1.31,3134000.0,2119000.0,0.0,0.0,0.85,1.29,5447700.0,3563000.0,0.0,0.0,0.29,0.45,2040000.0,2480000.0,0.0,0.0,0.42,1.49,678000.0,382000.0,0.0,0.0,1.26,0.05,4730000.0,6720000.0,0.0,0.0,0.02,0.04,507000.0,282000.0,0.0,0.0,0.94,1.3,3068000.0,3028000.0,0.0,0.0,1.1600000000000001,1.31,2835000.0,2572000.0,0.0,0.0,0.3,0.11,905000.0,912100.0,0.0,0.0,0.56,0.02,2530000.0,3200000.0,0.0,0.0,0.29,0.03,1890000.0,2370000.0,0.0,0.0,0.99,1.3199999999999998,2276000.0,2051000.0,0.0,0.0
39,13,2004,2888,21,11068,6,3722,1118,1703,2139,1169,15112,0.77,1.31,3134000.0,2119000.0,0.0,0.0,0.85,1.29,5447700.0,3563000.0,0.0,0.0,0.29,0.45,2040000.0,2480000.0,0.0,0.0,0.42,1.49,678000.0,382000.0,0.0,0.0,1.26,0.05,4730000.0,6720000.0,0.0,0.0,0.02,0.04,507000.0,282000.0,0.0,0.0,0.94,1.3,3068000.0,3028000.0,0.0,0.0,1.1600000000000001,1.31,2835000.0,2572000.0,0.0,0.0,0.3,0.11,905000.0,912100.0,0.0,0.0,0.56,0.02,2530000.0,3200000.0,0.0,0.0,0.29,0.03,1890000.0,2370000.0,0.0,0.0,0.99,1.3199999999999998,2276000.0,2051000.0,0.0,0.0
40,20,1828,2525,7,10427,6,3970,1132,1828,1931,1037,14084,0.77,1.31,3134000.0,2119000.0,0.0,0.0,0.85,1.29,5447700.0,3563000.0,0.0,0.0,0.29,0.45,2040000.0,2480000.0,0.0,0.0,0.42,1.49,678000.0,382000.0,0.0,0.0,1.26,0.05,4730000.0,6720000.0,0.0,0.0,0.02,0.04,507000.0,282000.0,0.0,0.0,0.94,1.3,3068000.0,3028000.0,0.0,0.0,1.1600000000000001,1.31,2835000.0,2572000.0,0.0,0.0,0.3,0.11,905000.0,912100.0,0.0,0.0,0.56,0.02,2530000.0,3200000.0,0.0,0.0,0.29,0.03,1890000.0,2370000.0,0.0,0.0,0.99,1.3199999999999998,2276000.0,2051000.0,0.0,0.0
41,17,1629,2639,7,11704,7,4288,1311,1804,1991,1060,15789,0.77,1.31,3134000.0,2119000.0,0.0,0.0,0.85,1.29,5447700.0,3563000.0,0.0,0.0,0.29,0.45,2040000.0,2480000.0,0.0,0.0,0.42,1.49,678000.0,382000.0,0.0,0.0,1.26,0.05,4730000.0,6720000.0,0.0,0.0,0.02,0.04,507000.0,282000.0,0.0,0.0,0.94,1.3,3068000.0,3028000.0,0.0,0.0,1.1600000000000001,1.31,2835000.0,2572000.0,0.0,0.0,0.3,0.11,905000.0,912100.0,0.0,0.0,0.56,0.02,2530000.0,3200000.0,0.0,0.0,0.29,0.03,1890000.0,2370000.0,0.0,0.0,0.99,1.3199999999999998,2276000.0,2051000.0,0.0,0.0
42,14,1733,2407,11,10557,9,3832,1250,1775,1899,1023,14476,0.77,1.31,3134000.0,2119000.0,0.0,0.0,0.85,1.29,5447700.0,3563000.0,0.0,0.0,0.29,0.45,2040000.0,2480000.0,0.0,0.0,0.42,1.49,678000.0,382000.0,0.0,0.0,1.26,0.05,4730000.0,6720000.0,0.0,0.0,0.02,0.04,507000.0,282000.0,0.0,0.0,0.94,1.3,3068000.0,3028000.0,0.0,0.0,1.1600000000000001,1.31,2835000.0,2572000.0,0.0,0.0,0.3,0.11,905000.0,912100.0,0.0,0.0,0.56,0.02,2530000.0,3200000.0,0.0,0.0,0.29,0.03,1890000.0,2370000.0,0.0,0.0,0.99,1.3199999999999998,2276000.0,2051000.0,0.0,0.0
43,21,2235,3124,12,14294,10,5905,2039,2746,2304,1369,20315,0.77,1.31,3134000.0,2119000.0,0.0,0.0,0.85,1.29,5447700.0,3563000.0,0.0,0.0,0.29,0.45,2040000.0,2480000.0,0.0,0.0,0.42,1.49,678000.0,382000.0,0.0,0.0,1.26,0.05,4730000.0,6720000.0,0.0,0.0,0.02,0.04,507000.0,282000.0,0.0,0.0,0.94,1.3,3068000.0,3028000.0,0.0,0.0,1.1600000000000001,1.31,2835000.0,2572000.0,0.0,0.0,0.3,0.11,905000.0,912100.0,0.0,0.0,0.56,0.02,2530000.0,3200000.0,0.0,0.0,0.29,0.03,1890000.0,2370000.0,0.0,0.0,0.99,1.3199999999999998,2276000.0,2051000.0,0.0,0.0
44,20,2245,3104,11,14202,11,5501,1779,2488,2625,1420,19519,0.77,1.31,3134000.0,2119000.0,0.0,0.0,0.85,1.29,5447700.0,3563000.0,0.0,0.0,0.29,0.45,2040000.0,2480000.0,0.0,0.0,0.42,1.49,678000.0,382000.0,0.0,0.0,1.26,0.05,4730000.0,6720000.0,0.0,0.0,0.02,0.04,507000.0,282000.0,0.0,0.0,0.94,1.3,3068000.0,3028000.0,0.0,0.0,1.1600000000000001,1.31,2835000.0,2572000.0,0.0,0.0,0.3,0.11,905000.0,912100.0,0.0,0.0,0.56,0.02,2530000.0,3200000.0,0.0,0.0,0.29,0.03,1890000.0,2370000.0,0.0,0.0,0.99,1.3199999999999998,2276000.0,2051000.0,0.0,0.0
45,24,2280,4565,11,26061,19,7819,1786,2448,2364,1267,29447,0.77,1.31,3134000.0,2119000.0,0.0,0.0,0.85,1.29,5447700.0,3563000.0,0.0,0.0,0.29,0.45,2040000.0,2480000.0,0.0,0.0,0.42,1.49,678000.0,382000.0,0.0,0.0,1.26,0.05,4730000.0,6720000.0,0.0,0.0,0.02,0.04,507000.0,282000.0,0.0,0.0,0.94,1.3,3068000.0,3028000.0,0.0,0.0,1.1600000000000001,1.31,2835000.0,2572000.0,0.0,0.0,0.3,0.11,905000.0,912100.0,0.0,0.0,0.56,0.02,2530000.0,3200000.0,0.0,0.0,0.29,0.03,1890000.0,2370000.0,0.0,0.0,0.99,1.3199999999999998,2276000.0,2051000.0,0.0,0.0
46,21,2098,2737,12,13427,11,5936,1978,2676,1915,1186,18850,0.77,1.31,3134000.0,2119000.0,0.0,0.0,0.85,1.29,5447700.0,3563000.0,0.0,0.0,0.29,0.45,2040000.0,2480000.0,0.0,0.0,0.42,1.49,678000.0,382000.0,0.0,0.0,1.26,0.05,4730000.0,6720000.0,0.0,0.0,0.02,0.04,507000.0,282000.0,0.0,0.0,0.94,1.3,3068000.0,3028000.0,0.0,0.0,1.1600000000000001,1.31,2835000.0,2572000.0,0.0,0.0,0.3,0.11,905000.0,912100.0,0.0,0.0,0.56,0.02,2530000.0,3200000.0,0.0,0.0,0.29,0.03,1890000.0,2370000.0,0.0,0.0,0.99,1.3199999999999998,2276000.0,2051000.0,0.0,0.0
47,13,1641,2393,7,10260,6,3679,1074,1684,1754,1034,13797,0.77,1.31,3134000.0,2119000.0,0.0,0.0,0.85,1.29,5447700.0,3563000.0,0.0,0.0,0.29,0.45,2040000.0,2480000.0,0.0,0.0,0.42,1.49,678000.0,382000.0,0.0,0.0,1.26,0.05,4730000.0,6720000.0,0.0,0.0,0.02,0.04,507000.0,282000.0,0.0,0.0,0.94,1.3,3068000.0,3028000.0,0.0,0.0,1.1600000000000001,1.31,2835000.0,2572000.0,0.0,0.0,0.3,0.11,905000.0,912100.0,0.0,0.0,0.56,0.02,2530000.0,3200000.0,0.0,0.0,0.29,0.03,1890000.0,2370000.0,0.0,0.0,0.99,1.3199999999999998,2276000.0,2051000.0,0.0,0.0
48,14,1858,2407,8,11446,20,4639,1340,2044,1924,1074,15729,0.77,1.31,3134000.0,2119000.0,0.0,0.0,0.85,1.29,5447700.0,3563000.0,0.0,0.0,0.29,0.45,2040000.0,2480000.0,0.0,0.0,0.42,1.49,678000.0,382000.0,0.0,0.0,1.26,0.05,4730000.0,6720000.0,0.0,0.0,0.02,0.04,507000.0,282000.0,0.0,0.0,0.94,1.3,3068000.0,3028000.0,0.0,0.0,1.1600000000000001,1.31,2835000.0,2572000.0,0.0,0.0,0.3,0.11,905000.0,912100.0,0.0,0.0,0.56,0.02,2530000.0,3200000.0,0.0,0.0,0.29,0.03,1890000.0,2370000.0,0.0,0.0,0.99,1.3199999999999998,2276000.0,2051000.0,0.0,0.0
49,15,1388,3158,7,17796,21,5406,1351,1708,1837,1064,21413,0.77,1.31,3134000.0,2119000.0,0.0,0.0,0.85,1.29,5447700.0,3563000.0,0.0,0.0,0.29,0.45,2040000.0,2480000.0,0.0,0.0,0.42,1.49,678000.0,382000.0,0.0,0.0,1.26,0.05,4730000.0,6720000.0,0.0,0.0,0.02,0.04,507000.0,282000.0,0.0,0.0,0.94,1.3,3068000.0,3028000.0,0.0,0.0,1.1600000000000001,1.31,2835000.0,2572000.0,0.0,0.0,0.3,0.11,905000.0,912100.0,0.0,0.0,0.56,0.02,2530000.0,3200000.0,0.0,0.0,0.29,0.03,1890000.0,2370000.0,0.0,0.0,0.99,1.3199999999999998,2276000.0,2051000.0,0.0,0.0
50,33,1609,2311,26,10121,6,3689,1114,1752,1830,988,13808,0.77,1.31,3134000.0,2119000.0,0.0,0.0,0.85,1.29,5447700.0,3563000.0,0.0,0.0,0.29,0.45,2040000.0,2480000.0,0.0,0.0,0.42,1.49,678000.0,382000.0,0.0,0.0,1.26,0.05,4730000.0,6720000.0,0.0,0.0,0.02,0.04,507000.0,282000.0,0.0,0.0,0.94,1.3,3068000.0,3028000.0,0.0,0.0,1.1600000000000001,1.31,2835000.0,2572000.0,0.0,0.0,0.3,0.11,905000.0,912100.0,0.0,0.0,0.56,0.02,2530000.0,3200000.0,0.0,0.0,0.29,0.03,1890000.0,2370000.0,0.0,0.0,0.99,1.3199999999999998,2276000.0,2051000.0,0.0,0.0
51,34,1881,2605,6,10847,7,3741,1212,1668,1877,1070,14474,0.77,1.31,3134000.0,2119000.0,0.0,0.0,0.85,1.29,5447700.0,3563000.0,0.0,0.0,0.29,0.45,2040000.0,2480000.0,0.0,0.0,0.42,1.49,678000.0,382000.0,0.0,0.0,1.26,0.05,4730000.0,6720000.0,0.0,0.0,0.02,0.04,507000.0,282000.0,0.0,0.0,0.94,1.3,3068000.0,3028000.0,0.0,0.0,1.1600000000000001,1.31,2835000.0,2572000.0,0.0,0.0,0.3,0.11,905000.0,912100.0,0.0,0.0,0.56,0.02,2530000.0,3200000.0,0.0,0.0,0.29,0.03,1890000.0,2370000.0,0.0,0.0,0.99,1.3199999999999998,2276000.0,2051000.0,0.0,0.0
52,13,1494,2146,9,9630,9,3521,1078,1646,1576,824,13557,0.77,1.31,3134000.0,2119000.0,0.0,0.0,0.85,1.29,5447700.0,3563000.0,0.0,0.0,0.29,0.45,2040000.0,2480000.0,0.0,0.0,0.42,1.49,678000.0,382000.0,0.0,0.0,1.26,0.05,4730000.0,6720000.0,0.0,0.0,0.02,0.04,507000.0,282000.0,0.0,0.0,0.94,1.3,3068000.0,3028000.0,0.0,0.0,1.1600000000000001,1.31,2835000.0,2572000.0,0.0,0.0,0.3,0.11,905000.0,912100.0,0.0,0.0,0.56,0.02,2530000.0,3200000.0,0.0,0.0,0.29,0.03,1890000.0,2370000.0,0.0,0.0,0.99,1.3199999999999998,2276000.0,2051000.0,0.0,0.0
53,13,1604,2388,6,10673,21,3803,1259,1719,1887,1100,14013,0.77,1.31,3134000.0,2119000.0,0.0,0.0,0.85,1.29,5447700.0,3563000.0,0.0,0.0,0.29,0.45,2040000.0,2480000.0,0.0,0.0,0.42,1.49,678000.0,382000.0,0.0,0.0,1.26,0.05,4730000.0,6720000.0,0.0,0.0,0.02,0.04,507000.0,282000.0,0.0,0.0,0.94,1.3,3068000.0,3028000.0,0.0,0.0,1.1600000000000001,1.31,2835000.0,2572000.0,0.0,0.0,0.3,0.11,905000.0,912100.0,0.0,0.0,0.56,0.02,2530000.0,3200000.0,0.0,0.0,0.29,0.03,1890000.0,2370000.0,0.0,0.0,0.99,1.3199999999999998,2276000.0,2051000.0,0.0,0.0
54,14,1686,2628,28,10656,7,3631,1132,1675,1790,1019,14420,0.77,1.31,3134000.0,2119000.0,0.0,0.0,0.85,1.29,5447700.0,3563000.0,0.0,0.0,0.29,0.45,2040000.0,2480000.0,0.0,0.0,0.42,1.49,678000.0,382000.0,0.0,0.0,1.26,0.05,4730000.0,6720000.0,0.0,0.0,0.02,0.04,507000.0,282000.0,0.0,0.0,0.94,1.3,3068000.0,3028000.0,0.0,0.0,1.1600000000000001,1.31,2835000.0,2572000.0,0.0,0.0,0.3,0.11,905000.0,912100.0,0.0,0.0,0.56,0.02,2530000.0,3200000.0,0.0,0.0,0.29,0.03,1890000.0,2370000.0,0.0,0.0,0.99,1.3199999999999998,2276000.0,2051000.0,0.0,0.0
55,21,2237,3308,11,15050,10,5872,1987,2632,2588,1560,20966,0.77,1.31,3134000.0,2119000.0,0.0,0.0,0.85,1.29,5447700.0,3563000.0,0.0,0.0,0.29,0.45,2040000.0,2480000.0,0.0,0.0,0.42,1.49,678000.0,382000.0,0.0,0.0,1.26,0.05,4730000.0,6720000.0,0.0,0.0,0.02,0.04,507000.0,282000.0,0.0,0.0,0.94,1.3,3068000.0,3028000.0,0.0,0.0,1.1600000000000001,1.31,2835000.0,2572000.0,0.0,0.0,0.3,0.11,905000.0,912100.0,0.0,0.0,0.56,0.02,2530000.0,3200000.0,0.0,0.0,0.29,0.03,1890000.0,2370000.0,0.0,0.0,0.99,1.3199999999999998,2276000.0,2051000.0,0.0,0.0
56,17,1579,2262,8,10376,6,4178,1396,1880,1741,925,14322,0.77,1.31,3134000.0,2119000.0,0.0,0.0,0.85,1.29,5447700.0,3563000.0,0.0,0.0,0.29,0.45,2040000.0,2480000.0,0.0,0.0,0.42,1.49,678000.0,382000.0,0.0,0.0,1.26,0.05,4730000.0,6720000.0,0.0,0.0,0.02,0.04,507000.0,282000.0,0.0,0.0,0.94,1.3,3068000.0,3028000.0,0.0,0.0,1.1600000000000001,1.31,2835000.0,2572000.0,0.0,0.0,0.3,0.11,905000.0,912100.0,0.0,0.0,0.56,0.02,2530000.0,3200000.0,0.0,0.0,0.29,0.03,1890000.0,2370000.0,0.0,0.0,0.99,1.3199999999999998,2276000.0,2051000.0,0.0,0.0
57,14,1760,2443,8,10376,6,3896,1207,1657,1882,1068,14743,0.77,1.31,3134000.0,2119000.0,0.0,0.0,0.85,1.29,5447700.0,3563000.0,0.0,0.0,0.29,0.45,2040000.0,2480000.0,0.0,0.0,0.42,1.49,678000.0,382000.0,0.0,0.0,1.26,0.05,4730000.0,6720000.0,0.0,0.0,0.02,0.04,507000.0,282000.0,0.0,0.0,0.94,1.3,3068000.0,3028000.0,0.0,0.0,1.1600000000000001,1.31,2835000.0,2572000.0,0.0,0.0,0.3,0.11,905000.0,912100.0,0.0,0.0,0.56,0.02,2530000.0,3200000.0,0.0,0.0,0.29,0.03,1890000.0,2370000.0,0.0,0.0,0.99,1.3199999999999998,2276000.0,2051000.0,0.0,0.0
58,14,1738,2362,6,10749,6,4051,1144,2059,1836,927,15042,0.77,1.31,3134000.0,2119000.0,0.0,0.0,0.85,1.29,5447700.0,3563000.0,0.0,0.0,0.29,0.45,2040000.0,2480000.0,0.0,0.0,0.42,1.49,678000.0,382000.0,0.0,0.0,1.26,0.05,4730000.0,6720000.0,0.0,0.0,0.02,0.04,507000.0,282000.0,0.0,0.0,0.94,1.3,3068000.0,3028000.0,0.0,0.0,1.1600000000000001,1.31,2835000.0,2572000.0,0.0,0.0,0.3,0.11,905000.0,912100.0,0.0,0.0,0.56,0.02,2530000.0,3200000.0,0.0,0.0,0.29,0.03,1890000.0,2370000.0,0.0,0.0,0.99,1.3199999999999998,2276000.0,2051000.0,0.0,0.0
59,13,1666,3217,7,10775,7,3634,1128,1751,1867,995,15188,0.77,1.31,3134000.0,2119000.0,0.0,0.0,0.85,1.29,5447700.0,3563000.0,0.0,0.0,0.29,0.45,2040000.0,2480000.0,0.0,0.0,0.42,1.49,678000.0,382000.0,0.0,0.0,1.26,0.05,4730000.0,6720000.0,0.0,0.0,0.02,0.04,507000.0,282000.0,0.0,0.0,0.94,1.3,3068000.0,3028000.0,0.0,0.0,1.1600000000000001,1.31,2835000.0,2572000.0,0.0,0.0,0.3,0.11,905000.0,912100.0,0.0,0.0,0.56,0.02,2530000.0,3200000.0,0.0,0.0,0.29,0.03,1890000.0,2370000.0,0.0,0.0,0.99,1.3199999999999998,2276000.0,2051000.0,0.0,0.0
60,14,2001,2721,7,11386,6,4193,1481,1842,1871,1015,16042,0.77,1.31,3134000.0,2119000.0,0.0,0.0,0.85,1.29,5447700.0,3563000.0,0.0,0.0,0.29,0.45,2040000.0,2480000.0,0.0,0.0,0.42,1.49,678000.0,382000.0,0.0,0.0,1.26,0.05,4730000.0,6720000.0,0.0,0.0,0.02,0.04,507000.0,282000.0,0.0,0.0,0.94,1.3,3068000.0,3028000.0,0.0,0.0,1.1600000000000001,1.31,2835000.0,2572000.0,0.0,0.0,0.3,0.11,905000.0,912100.0,0.0,0.0,0.56,0.02,2530000.0,3200000.0,0.0,0.0,0.29,0.03,1890000.0,2370000.0,0.0,0.0,0.99,1.3199999999999998,2276000.0,2051000.0,0.0,0.0
61,13,1724,3594,7,12373,6,4227,1484,1867,1740,1079,17246,0.77,1.31,3134000.0,2119000.0,0.0,0.0,0.85,1.29,5447700.0,3563000.0,0.0,0.0,0.29,0.45,2040000.0,2480000.0,0.0,0.0,0.42,1.49,678000.0,382000.0,0.0,0.0,1.26,0.05,4730000.0,6720000.0,0.0,0.0,0.02,0.04,507000.0,282000.0,0.0,0.0,0.94,1.3,3068000.0,3028000.0,0.0,0.0,1.1600000000000001,1.31,2835000.0,2572000.0,0.0,0.0,0.3,0.11,905000.0,912100.0,0.0,0.0,0.56,0.02,2530000.0,3200000.0,0.0,0.0,0.29,0.03,1890000.0,2370000.0,0.0,0.0,0.99,1.3199999999999998,2276000.0,2051000.0,0.0,0.0
62,13,1833,2587,7,11230,6,4118,1385,1716,1764,1056,15635,0.77,1.31,3134000.0,2119000.0,0.0,0.0,0.85,1.29,5447700.0,3563000.0,0.0,0.0,0.29,0.45,2040000.0,2480000.0,0.0,0.0,0.42,1.49,678000.0,382000.0,0.0,0.0,1.26,0.05,4730000.0,6720000.0,0.0,0.0,0.02,0.04,507000.0,282000.0,0.0,0.0,0.94,1.3,3068000.0,3028000.0,0.0,0.0,1.1600000000000001,1.31,2835000.0,2572000.0,0.0,0.0,0.3,0.11,905000.0,912100.0,0.0,0.0,0.56,0.02,2530000.0,3200000.0,0.0,0.0,0.29,0.03,1890000.0,2370000.0,0.0,0.0,0.99,1.3199999999999998,2276000.0,2051000.0,0.0,0.0
63,14,1651,2394,7,10536,6,4311,1543,2017,1739,1092,14478,0.77,1.31,3134000.0,2119000.0,0.0,0.0,0.85,1.29,5447700.0,3563000.0,0.0,0.0,0.29,0.45,2040000.0,2480000.0,0.0,0.0,0.42,1.49,678000.0,382000.0,0.0,0.0,1.26,0.05,4730000.0,6720000.0,0.0,0.0,0.02,0.04,507000.0,282000.0,0.0,0.0,0.94,1.3,3068000.0,3028000.0,0.0,0.0,1.1600000000000001,1.31,2835000.0,2572000.0,0.0,0.0,0.3,0.11,905000.0,912100.0,0.0,0.0,0.56,0.02,2530000.0,3200000.0,0.0,0.0,0.29,0.03,1890000.0,2370000.0,0.0,0.0,0.99,1.3199999999999998,2276000.0,2051000.0,0.0,0.0
64,15,1578,3406,8,18285,10,5296,1290,1725,1947,1109,21147,0.77,1.31,3134000.0,2119000.0,0.0,0.0,0.85,1.29,5447700.0,3563000.0,0.0,0.0,0.29,0.45,2040000.0,2480000.0,0.0,0.0,0.42,1.49,678000.0,382000.0,0.0,0.0,1.26,0.05,4730000.0,6720000.0,0.0,0.0,0.02,0.04,507000.0,282000.0,0.0,0.0,0.94,1.3,3068000.0,3028000.0,0.0,0.0,1.1600000000000001,1.31,2835000.0,2572000.0,0.0,0.0,0.3,0.11,905000.0,912100.0,0.0,0.0,0.56,0.02,2530000.0,3200000.0,0.0,0.0,0.29,0.03,1890000.0,2370000.0,0.0,0.0,0.99,1.3199999999999998,2276000.0,2051000.0,0.0,0.0
65,13,1643,3103,7,11162,7,3964,1176,1994,1743,950,16481,0.77,1.31,3134000.0,2119000.0,0.0,0.0,0.85,1.29,5447700.0,3563000.0,0.0,0.0,0.29,0.45,2040000.0,2480000.0,0.0,0.0,0.42,1.49,678000.0,382000.0,0.0,0.0,1.26,0.05,4730000.0,6720000.0,0.0,0.0,0.02,0.04,507000.0,282000.0,0.0,0.0,0.94,1.3,3068000.0,3028000.0,0.0,0.0,1.1600000000000001,1.31,2835000.0,2572000.0,0.0,0.0,0.3,0.11,905000.0,912100.0,0.0,0.0,0.56,0.02,2530000.0,3200000.0,0.0,0.0,0.29,0.03,1890000.0,2370000.0,0.0,0.0,0.99,1.3199999999999998,2276000.0,2051000.0,0.0,0.0
66,13,1697,2363,26,10411,7,3724,1173,1711,1812,1039,14769,0.77,1.31,3134000.0,2119000.0,0.0,0.0,0.85,1.29,5447700.0,3563000.0,0.0,0.0,0.29,0.45,2040000.0,2480000.0,0.0,0.0,0.42,1.49,678000.0,382000.0,0.0,0.0,1.26,0.05,4730000.0,6720000.0,0.0,0.0,0.02,0.04,507000.0,282000.0,0.0,0.0,0.94,1.3,3068000.0,3028000.0,0.0,0.0,1.1600000000000001,1.31,2835000.0,2572000.0,0.0,0.0,0.3,0.11,905000.0,912100.0,0.0,0.0,0.56,0.02,2530000.0,3200000.0,0.0,0.0,0.29,0.03,1890000.0,2370000.0,0.0,0.0,0.99,1.3199999999999998,2276000.0,2051000.0,0.0,0.0
67,19,1592,2302,8,10446,6,3819,1143,1799,1840,895,14307,0.77,1.31,3134000.0,2119000.0,0.0,0.0,0.85,1.29,5447700.0,3563000.0,0.0,0.0,0.29,0.45,2040000.0,2480000.0,0.0,0.0,0.42,1.49,678000.0,382000.0,0.0,0.0,1.26,0.05,4730000.0,6720000.0,0.0,0.0,0.02,0.04,507000.0,282000.0,0.0,0.0,0.94,1.3,3068000.0,3028000.0,0.0,0.0,1.1600000000000001,1.31,2835000.0,2572000.0,0.0,0.0,0.3,0.11,905000.0,912100.0,0.0,0.0,0.56,0.02,2530000.0,3200000.0,0.0,0.0,0.29,0.03,1890000.0,2370000.0,0.0,0.0,0.99,1.3199999999999998,2276000.0,2051000.0,0.0,0.0
68,32,1642,2382,27,10429,19,3774,1212,1700,1761,975,13642,0.77,1.31,3134000.0,2119000.0,0.0,0.0,0.85,1.29,5447700.0,3563000.0,0.0,0.0,0.29,0.45,2040000.0,2480000.0,0.0,0.0,0.42,1.49,678000.0,382000.0,0.0,0.0,1.26,0.05,4730000.0,6720000.0,0.0,0.0,0.02,0.04,507000.0,282000.0,0.0,0.0,0.94,1.3,3068000.0,3028000.0,0.0,0.0,1.1600000000000001,1.31,2835000.0,2572000.0,0.0,0.0,0.3,0.11,905000.0,912100.0,0.0,0.0,0.56,0.02,2530000.0,3200000.0,0.0,0.0,0.29,0.03,1890000.0,2370000.0,0.0,0.0,0.99,1.3199999999999998,2276000.0,2051000.0,0.0,0.0
69,13,1899,4062,6,13317,7,4741,1524,2095,2018,1047,17850,0.77,1.31,3134000.0,2119000.0,0.0,0.0,0.85,1.29,5447700.0,3563000.0,0.0,0.0,0.29,0.45,2040000.0,2480000.0,0.0,0.0,0.42,1.49,678000.0,382000.0,0.0,0.0,1.26,0.05,4730000.0,6720000.0,0.0,0.0,0.02,0.04,507000.0,282000.0,0.0,0.0,0.94,1.3,3068000.0,3028000.0,0.0,0.0,1.1600000000000001,1.31,2835000.0,2572000.0,0.0,0.0,0.3,0.11,905000.0,912100.0,0.0,0.0,0.56,0.02,2530000.0,3200000.0,0.0,0.0,0.29,0.03,1890000.0,2370000.0,0.0,0.0,0.99,1.3199999999999998,2276000.0,2051000.0,0.0,0.0
70,18,1773,3282,9,11611,7,3988,1175,1715,1709,1008,16126,0.77,1.31,3134000.0,2119000.0,0.0,0.0,0.85,1.29,5447700.0,3563000.0,0.0,0.0,0.29,0.45,2040000.0,2480000.0,0.0,0.0,0.42,1.49,678000.0,382000.0,0.0,0.0,1.26,0.05,4730000.0,6720000.0,0.0,0.0,0.02,0.04,507000.0,282000.0,0.0,0.0,0.94,1.3,3068000.0,3028000.0,0.0,0.0,1.1600000000000001,1.31,2835000.0,2572000.0,0.0,0.0,0.3,0.11,905000.0,912100.0,0.0,0.0,0.56,0.02,2530000.0,3200000.0,0.0,0.0,0.29,0.03,1890000.0,2370000.0,0.0,0.0,0.99,1.3199999999999998,2276000.0,2051000.0,0.0,0.0
71,17,1628,2407,8,10712,9,3924,1297,1849,1909,1085,14638,0.77,1.31,3134000.0,2119000.0,0.0,0.0,0.85,1.29,5447700.0,3563000.0,0.0,0.0,0.29,0.45,2040000.0,2480000.0,0.0,0.0,0.42,1.49,678000.0,382000.0,0.0,0.0,1.26,0.05,4730000.0,6720000.0,0.0,0.0,0.02,0.04,507000.0,282000.0,0.0,0.0,0.94,1.3,3068000.0,3028000.0,0.0,0.0,1.1600000000000001,1.31,2835000.0,2572000.0,0.0,0.0,0.3,0.11,905000.0,912100.0,0.0,0.0,0.56,0.02,2530000.0,3200000.0,0.0,0.0,0.29,0.03,1890000.0,2370000.0,0.0,0.0,0.99,1.3199999999999998,2276000.0,2051000.0,0.0,0.0
72,15,1900,3719,7,20609,7,6553,1631,2120,1820,1104,24749,0.77,1.31,3134000.0,2119000.0,0.0,0.0,0.85,1.29,5447700.0,3563000.0,0.0,0.0,0.29,0.45,2040000.0,2480000.0,0.0,0.0,0.42,1.49,678000.0,382000.0,0.0,0.0,1.26,0.05,4730000.0,6720000.0,0.0,0.0,0.02,0.04,507000.0,282000.0,0.0,0.0,0.94,1.3,3068000.0,3028000.0,0.0,0.0,1.1600000000000001,1.31,2835000.0,2572000.0,0.0,0.0,0.3,0.11,905000.0,912100.0,0.0,0.0,0.56,0.02,2530000.0,3200000.0,0.0,0.0,0.29,0.03,1890000.0,2370000.0,0.0,0.0,0.99,1.3199999999999998,2276000.0,2051000.0,0.0,0.0
73,13,1631,2254,6,10109,6,3868,1238,1681,1725,1007,13614,0.77,1.31,3134000.0,2119000.0,0.0,0.0,0.85,1.29,5447700.0,3563000.0,0.0,0.0,0.29,0.45,2040000.0,2480000.0,0.0,0.0,0.42,1.49,678000.0,382000.0,0.0,0.0,1.26,0.05,4730000.0,6720000.0,0.0,0.0,0.02,0.04,507000.0,282000.0,0.0,0.0,0.94,1.3,3068000.0,3028000.0,0.0,0.0,1.1600000000000001,1.31,2835000.0,2572000.0,0.0,0.0,0.3,0.11,905000.0,912100.0,0.0,0.0,0.56,0.02,2530000.0,3200000.0,0.0,0.0,0.29,0.03,1890000.0,2370000.0,0.0,0.0,0.99,1.3199999999999998,2276000.0,2051000.0,0.0,0.0
74,47,1769,2479,7,9910,7,3532,1141,1649,1732,1030,13944,0.77,1.31,3134000.0,2119000.0,0.0,0.0,0.85,1.29,5447700.0,3563000.0,0.0,0.0,0.29,0.45,2040000.0,2480000.0,0.0,0.0,0.42,1.49,678000.0,382000.0,0.0,0.0,1.26,0.05,4730000.0,6720000.0,0.0,0.0,0.02,0.04,507000.0,282000.0,0.0,0.0,0.94,1.3,3068000.0,3028000.0,0.0,0.0,1.1600000000000001,1.31,2835000.0,2572000.0,0.0,0.0,0.3,0.11,905000.0,912100.0,0.0,0.0,0.56,0.02,2530000.0,3200000.0,0.0,0.0,0.29,0.03,1890000.0,2370000.0,0.0,0.0,0.99,1.3199999999999998,2276000.0,2051000.0,0.0,0.0
75,19,1991,2668,7,11261,12,4623,1570,2109,1871,1021,15897,0.77,1.31,3134000.0,2119000.0,0.0,0.0,0.85,1.29,5447700.0,3563000.0,0.0,0.0,0.29,0.45,2040000.0,2480000.0,0.0,0.0,0.42,1.49,678000.0,382000.0,0.0,0.0,1.26,0.05,4730000.0,6720000.0,0.0,0.0,0.02,0.04,507000.0,282000.0,0.0,0.0,0.94,1.3,3068000.0,3028000.0,0.0,0.0,1.1600000000000001,1.31,2835000.0,2572000.0,0.0,0.0,0.3,0.11,905000.0,912100.0,0.0,0.0,0.56,0.02,2530000.0,3200000.0,0.0,0.0,0.29,0.03,1890000.0,2370000.0,0.0,0.0,0.99,1.3199999999999998,2276000.0,2051000.0,0.0,0.0
76,13,1533,2126,6,10014,7,3797,1163,1813,1710,875,14117,0.77,1.31,3134000.0,2119000.0,0.0,0.0,0.85,1.29,5447700.0,3563000.0,0.0,0.0,0.29,0.45,2040000.0,2480000.0,0.0,0.0,0.42,1.49,678000.0,382000.0,0.0,0.0,1.26,0.05,4730000.0,6720000.0,0.0,0.0,0.02,0.04,507000.0,282000.0,0.0,0.0,0.94,1.3,3068000.0,3028000.0,0.0,0.0,1.1600000000000001,1.31,2835000.0,2572000.0,0.0,0.0,0.3,0.11,905000.0,912100.0,0.0,0.0,0.56,0.02,2530000.0,3200000.0,0.0,0.0,0.29,0.03,1890000.0,2370000.0,0.0,0.0,0.99,1.3199999999999998,2276000.0,2051000.0,0.0,0.0
77,34,1606,2473,8,10451,6,3814,1191,1705,1809,1053,13742,0.77,1.31,3134000.0,2119000.0,0.0,0.0,0.85,1.29,5447700.0,3563000.0,0.0,0.0,0.29,0.45,2040000.0,2480000.0,0.0,0.0,0.42,1.49,678000.0,382000.0,0.0,0.0,1.26,0.05,4730000.0,6720000.0,0.0,0.0,0.02,0.04,507000.0,282000.0,0.0,0.0,0.94,1.3,3068000.0,3028000.0,0.0,0.0,1.1600000000000001,1.31,2835000.0,2572000.0,0.0,0.0,0.3,0.11,905000.0,912100.0,0.0,0.0,0.56,0.02,2530000.0,3200000.0,0.0,0.0,0.29,0.03,1890000.0,2370000.0,0.0,0.0,0.99,1.3199999999999998,2276000.0,2051000.0,0.0,0.0
78,18,1842,2586,8,10913,6,3909,1215,1714,1907,1052,14371,0.77,1.31,3134000.0,2119000.0,0.0,0.0,0.85,1.29,5447700.0,3563000.0,0.0,0.0,0.29,0.45,2040000.0,2480000.0,0.0,0.0,0.42,1.49,678000.0,382000.0,0.0,0.0,1.26,0.05,4730000.0,6720000.0,0.0,0.0,0.02,0.04,507000.0,282000.0,0.0,0.0,0.94,1.3,3068000.0,3028000.0,0.0,0.0,1.1600000000000001,1.31,2835000.0,2572000.0,0.0,0.0,0.3,0.11,905000.0,912100.0,0.0,0.0,0.56,0.02,2530000.0,3200000.0,0.0,0.0,0.29,0.03,1890000.0,2370000.0,0.0,0.0,0.99,1.3199999999999998,2276000.0,2051000.0,0.0,0.0
79,13,1650,2580,7,10740,8,3982,1307,1760,1791,821,15301,0.77,1.31,3134000.0,2119000.0,0.0,0.0,0.85,1.29,5447700.0,3563000.0,0.0,0.0,0.29,0.45,2040000.0,2480000.0,0.0,0.0,0.42,1.49,678000.0,382000.0,0.0,0.0,1.26,0.05,4730000.0,6720000.0,0.0,0.0,0.02,0.04,507000.0,282000.0,0.0,0.0,0.94,1.3,3068000.0,3028000.0,0.0,0.0,1.1600000000000001,1.31,2835000.0,2572000.0,0.0,0.0,0.3,0.11,905000.0,912100.0,0.0,0.0,0.56,0.02,2530000.0,3200000.0,0.0,0.0,0.29,0.03,1890000.0,2370000.0,0.0,0.0,0.99,1.3199999999999998,2276000.0,2051000.0,0.0,0.0
80,33,1697,2456,7,10525,7,3907,1220,1724,1868,960,14606,0.77,1.31,3134000.0,2119000.0,0.0,0.0,0.85,1.29,5447700.0,3563000.0,0.0,0.0,0.29,0.45,2040000.0,2480000.0,0.0,0.0,0.42,1.49,678000.0,382000.0,0.0,0.0,1.26,0.05,4730000.0,6720000.0,0.0,0.0,0.02,0.04,507000.0,282000.0,0.0,0.0,0.94,1.3,3068000.0,3028000.0,0.0,0.0,1.1600000000000001,1.31,2835000.0,2572000.0,0.0,0.0,0.3,0.11,905000.0,912100.0,0.0,0.0,0.56,0.02,2530000.0,3200000.0,0.0,0.0,0.29,0.03,1890000.0,2370000.0,0.0,0.0,0.99,1.3199999999999998,2276000.0,2051000.0,0.0,0.0
81,18,1650,2294,28,10236,7,3823,1137,1766,1729,1007,14267,0.77,1.31,3134000.0,2119000.0,0.0,0.0,0.85,1.29,5447700.0,3563000.0,0.0,0.0,0.29,0.45,2040000.0,2480000.0,0.0,0.0,0.42,1.49,678000.0,382000.0,0.0,0.0,1.26,0.05,4730000.0,6720000.0,0.0,0.0,0.02,0.04,507000.0,282000.0,0.0,0.0,0.94,1.3,3068000.0,3028000.0,0.0,0.0,1.1600000000000001,1.31,2835000.0,2572000.0,0.0,0.0,0.3,0.11,905000.0,912100.0,0.0,0.0,0.56,0.02,2530000.0,3200000.0,0.0,0.0,0.29,0.03,1890000.0,2370000.0,0.0,0.0,0.99,1.3199999999999998,2276000.0,2051000.0,0.0,0.0
82,14,1495,2330,6,10520,8,4054,1326,1799,1701,971,14690,0.77,1.31,3134000.0,2119000.0,0.0,0.0,0.85,1.29,5447700.0,3563000.0,0.0,0.0,0.29,0.45,2040000.0,2480000.0,0.0,0.0,0.42,1.49,678000.0,382000.0,0.0,0.0,1.26,0.05,4730000.0,6720000.0,0.0,0.0,0.02,0.04,507000.0,282000.0,0.0,0.0,0.94,1.3,3068000.0,3028000.0,0.0,0.0,1.1600000000000001,1.31,2835000.0,2572000.0,0.0,0.0,0.3,0.11,905000.0,912100.0,0.0,0.0,0.56,0.02,2530000.0,3200000.0,0.0,0.0,0.29,0.03,1890000.0,2370000.0,0.0,0.0,0.99,1.3199999999999998,2276000.0,2051000.0,0.0,0.0
83,21,1668,2351,11,12133,11,5552,1611,2523,1793,1015,17976,0.77,1.31,3134000.0,2119000.0,0.0,0.0,0.85,1.29,5447700.0,3563000.0,0.0,0.0,0.29,0.45,2040000.0,2480000.0,0.0,0.0,0.42,1.49,678000.0,382000.0,0.0,0.0,1.26,0.05,4730000.0,6720000.0,0.0,0.0,0.02,0.04,507000.0,282000.0,0.0,0.0,0.94,1.3,3068000.0,3028000.0,0.0,0.0,1.1600000000000001,1.31,2835000.0,2572000.0,0.0,0.0,0.3,0.11,905000.0,912100.0,0.0,0.0,0.56,0.02,2530000.0,3200000.0,0.0,0.0,0.29,0.03,1890000.0,2370000.0,0.0,0.0,0.99,1.3199999999999998,2276000.0,2051000.0,0.0,0.0
84,17,1661,2406,9,10564,6,3844,1098,1681,1917,996,14345,0.77,1.31,3134000.0,2119000.0,0.0,0.0,0.85,1.29,5447700.0,3563000.0,0.0,0.0,0.29,0.45,2040000.0,2480000.0,0.0,0.0,0.42,1.49,678000.0,382000.0,0.0,0.0,1.26,0.05,4730000.0,6720000.0,0.0,0.0,0.02,0.04,507000.0,282000.0,0.0,0.0,0.94,1.3,3068000.0,3028000.0,0.0,0.0,1.1600000000000001,1.31,2835000.0,2572000.0,0.0,0.0,0.3,0.11,905000.0,912100.0,0.0,0.0,0.56,0.02,2530000.0,3200000.0,0.0,0.0,0.29,0.03,1890000.0,2370000.0,0.0,0.0,0.99,1.3199999999999998,2276000.0,2051000.0,0.0,0.0
85,21,2026,3034,12,14256,11,5613,1855,2521,1954,1203,21771,0.77,1.31,3134000.0,2119000.0,0.0,0.0,0.85,1.29,5447700.0,3563000.0,0.0,0.0,0.29,0.45,2040000.0,2480000.0,0.0,0.0,0.42,1.49,678000.0,382000.0,0.0,0.0,1.26,0.05,4730000.0,6720000.0,0.0,0.0,0.02,0.04,507000.0,282000.0,0.0,0.0,0.94,1.3,3068000.0,3028000.0,0.0,0.0,1.1600000000000001,1.31,2835000.0,2572000.0,0.0,0.0,0.3,0.11,905000.0,912100.0,0.0,0.0,0.56,0.02,2530000.0,3200000.0,0.0,0.0,0.29,0.03,1890000.0,2370000.0,0.0,0.0,0.99,1.3199999999999998,2276000.0,2051000.0,0.0,0.0
86,15,1613,3357,7,22500,13,5475,1270,1740,1390,954,25464,0.77,1.31,3134000.0,2119000.0,0.0,0.0,0.85,1.29,5447700.0,3563000.0,0.0,0.0,0.29,0.45,2040000.0,2480000.0,0.0,0.0,0.42,1.49,678000.0,382000.0,0.0,0.0,1.26,0.05,4730000.0,6720000.0,0.0,0.0,0.02,0.04,507000.0,282000.0,0.0,0.0,0.94,1.3,3068000.0,3028000.0,0.0,0.0,1.1600000000000001,1.31,2835000.0,2572000.0,0.0,0.0,0.3,0.11,905000.0,912100.0,0.0,0.0,0.56,0.02,2530000.0,3200000.0,0.0,0.0,0.29,0.03,1890000.0,2370000.0,0.0,0.0,0.99,1.3199999999999998,2276000.0,2051000.0,0.0,0.0
87,14,1607,2426,7,11172,6,4035,1318,1734,1860,875,14269,0.77,1.31,3134000.0,2119000.0,0.0,0.0,0.85,1.29,5447700.0,3563000.0,0.0,0.0,0.29,0.45,2040000.0,2480000.0,0.0,0.0,0.42,1.49,678000.0,382000.0,0.0,0.0,1.26,0.05,4730000.0,6720000.0,0.0,0.0,0.02,0.04,507000.0,282000.0,0.0,0.0,0.94,1.3,3068000.0,3028000.0,0.0,0.0,1.1600000000000001,1.31,2835000.0,2572000.0,0.0,0.0,0.3,0.11,905000.0,912100.0,0.0,0.0,0.56,0.02,2530000.0,3200000.0,0.0,0.0,0.29,0.03,1890000.0,2370000.0,0.0,0.0,0.99,1.3199999999999998,2276000.0,2051000.0,0.0,0.0
88,32,1660,2475,7,10866,7,3975,1375,1739,1733,944,14941,0.77,1.31,3134000.0,2119000.0,0.0,0.0,0.85,1.29,5447700.0,3563000.0,0.0,0.0,0.29,0.45,2040000.0,2480000.0,0.0,0.0,0.42,1.49,678000.0,382000.0,0.0,0.0,1.26,0.05,4730000.0,6720000.0,0.0,0.0,0.02,0.04,507000.0,282000.0,0.0,0.0,0.94,1.3,3068000.0,3028000.0,0.0,0.0,1.1600000000000001,1.31,2835000.0,2572000.0,0.0,0.0,0.3,0.11,905000.0,912100.0,0.0,0.0,0.56,0.02,2530000.0,3200000.0,0.0,0.0,0.29,0.03,1890000.0,2370000.0,0.0,0.0,0.99,1.3199999999999998,2276000.0,2051000.0,0.0,0.0
89,34,1640,2585,6,11718,6,4765,1368,2365,1978,969,16257,0.77,1.31,3134000.0,2119000.0,0.0,0.0,0.85,1.29,5447700.0,3563000.0,0.0,0.0,0.29,0.45,2040000.0,2480000.0,0.0,0.0,0.42,1.49,678000.0,382000.0,0.0,0.0,1.26,0.05,4730000.0,6720000.0,0.0,0.0,0.02,0.04,507000.0,282000.0,0.0,0.0,0.94,1.3,3068000.0,3028000.0,0.0,0.0,1.1600000000000001,1.31,2835000.0,2572000.0,0.0,0.0,0.3,0.11,905000.0,912100.0,0.0,0.0,0.56,0.02,2530000.0,3200000.0,0.0,0.0,0.29,0.03,1890000.0,2370000.0,0.0,0.0,0.99,1.3199999999999998,2276000.0,2051000.0,0.0,0.0
90,13,1483,2206,8,9188,6,3637,1129,1770,1629,865,13040,0.77,1.31,3134000.0,2119000.0,0.0,0.0,0.85,1.29,5447700.0,3563000.0,0.0,0.0,0.29,0.45,2040000.0,2480000.0,0.0,0.0,0.42,1.49,678000.0,382000.0,0.0,0.0,1.26,0.05,4730000.0,6720000.0,0.0,0.0,0.02,0.04,507000.0,282000.0,0.0,0.0,0.94,1.3,3068000.0,3028000.0,0.0,0.0,1.1600000000000001,1.31,2835000.0,2572000.0,0.0,0.0,0.3,0.11,905000.0,912100.0,0.0,0.0,0.56,0.02,2530000.0,3200000.0,0.0,0.0,0.29,0.03,1890000.0,2370000.0,0.0,0.0,0.99,1.3199999999999998,2276000.0,2051000.0,0.0,0.0
91,14,1837,2591,7,10937,6,4422,1332,1970,1805,1033,15639,0.77,1.31,3134000.0,2119000.0,0.0,0.0,0.85,1.29,5447700.0,3563000.0,0.0,0.0,0.29,0.45,2040000.0,2480000.0,0.0,0.0,0.42,1.49,678000.0,382000.0,0.0,0.0,1.26,0.05,4730000.0,6720000.0,0.0,0.0,0.02,0.04,507000.0,282000.0,0.0,0.0,0.94,1.3,3068000.0,3028000.0,0.0,0.0,1.1600000000000001,1.31,2835000.0,2572000.0,0.0,0.0,0.3,0.11,905000.0,912100.0,0.0,0.0,0.56,0.02,2530000.0,3200000.0,0.0,0.0,0.29,0.03,1890000.0,2370000.0,0.0,0.0,0.99,1.3199999999999998,2276000.0,2051000.0,0.0,0.0
92,23,1542,2309,11,11521,11,5033,1683,2123,1703,1161,15452,0.77,1.31,3134000.0,2119000.0,0.0,0.0,0.85,1.29,5447700.0,3563000.0,0.0,0.0,0.29,0.45,2040000.0,2480000.0,0.0,0.0,0.42,1.49,678000.0,382000.0,0.0,0.0,1.26,0.05,4730000.0,6720000.0,0.0,0.0,0.02,0.04,507000.0,282000.0,0.0,0.0,0.94,1.3,3068000.0,3028000.0,0.0,0.0,1.1600000000000001,1.31,2835000.0,2572000.0,0.0,0.0,0.3,0.11,905000.0,912100.0,0.0,0.0,0.56,0.02,2530000.0,3200000.0,0.0,0.0,0.29,0.03,1890000.0,2370000.0,0.0,0.0,0.99,1.3199999999999998,2276000.0,2051000.0,0.0,0.0
93,14,1703,2743,6,12306,20,4650,1624,2084,1814,1037,16093,0.77,1.31,3134000.0,2119000.0,0.0,0.0,0.85,1.29,5447700.0,3563000.0,0.0,0.0,0.29,0.45,2040000.0,2480000.0,0.0,0.0,0.42,1.49,678000.0,382000.0,0.0,0.0,1.26,0.05,4730000.0,6720000.0,0.0,0.0,0.02,0.04,507000.0,282000.0,0.0,0.0,0.94,1.3,3068000.0,3028000.0,0.0,0.0,1.1600000000000001,1.31,2835000.0,2572000.0,0.0,0.0,0.3,0.11,905000.0,912100.0,0.0,0.0,0.56,0.02,2530000.0,3200000.0,0.0,0.0,0.29,0.03,1890000.0,2370000.0,0.0,0.0,0.99,1.3199999999999998,2276000.0,2051000.0,0.0,0.0
94,14,1710,2329,6,11101,7,4188,1418,1866,1993,1245,14724,0.77,1.31,3134000.0,2119000.0,0.0,0.0,0.85,1.29,5447700.0,3563000.0,0.0,0.0,0.29,0.45,2040000.0,2480000.0,0.0,0.0,0.42,1.49,678000.0,382000.0,0.0,0.0,1.26,0.05,4730000.0,6720000.0,0.0,0.0,0.02,0.04,507000.0,282000.0,0.0,0.0,0.94,1.3,3068000.0,3028000.0,0.0,0.0,1.1600000000000001,1.31,2835000.0,2572000.0,0.0,0.0,0.3,0.11,905000.0,912100.0,0.0,0.0,0.56,0.02,2530000.0,3200000.0,0.0,0.0,0.29,0.03,1890000.0,2370000.0,0.0,0.0,0.99,1.3199999999999998,2276000.0,2051000.0,0.0,0.0
95,14,1781,2469,7,11454,7,4435,1387,1970,1951,1047,15961,0.77,1.31,3134000.0,2119000.0,0.0,0.0,0.85,1.29,5447700.0,3563000.0,0.0,0.0,0.29,0.45,2040000.0,2480000.0,0.0,0.0,0.42,1.49,678000.0,382000.0,0.0,0.0,1.26,0.05,4730000.0,6720000.0,0.0,0.0,0.02,0.04,507000.0,282000.0,0.0,0.0,0.94,1.3,3068000.0,3028000.0,0.0,0.0,1.1600000000000001,1.31,2835000.0,2572000.0,0.0,0.0,0.3,0.11,905000.0,912100.0,0.0,0.0,0.56,0.02,2530000.0,3200000.0,0.0,0.0,0.29,0.03,1890000.0,2370000.0,0.0,0.0,0.99,1.3199999999999998,2276000.0,2051000.0,0.0,0.0
96,15,1265,1686,8,8963,7,3894,1357,1815,1447,712,12830,0.77,1.31,3134000.0,2119000.0,0.0,0.0,0.85,1.29,5447700.0,3563000.0,0.0,0.0,0.29,0.45,2040000.0,2480000.0,0.0,0.0,0.42,1.49,678000.0,382000.0,0.0,0.0,1.26,0.05,4730000.0,6720000.0,0.0,0.0,0.02,0.04,507000.0,282000.0,0.0,0.0,0.94,1.3,3068000.0,3028000.0,0.0,0.0,1.1600000000000001,1.31,2835000.0,2572000.0,0.0,0.0,0.3,0.11,905000.0,912100.0,0.0,0.0,0.56,0.02,2530000.0,3200000.0,0.0,0.0,0.29,0.03,1890000.0,2370000.0,0.0,0.0,0.99,1.3199999999999998,2276000.0,2051000.0,0.0,0.0
97,15,1433,2054,7,9269,12,3645,1159,1682,1558,954,12920,0.77,1.31,3134000.0,2119000.0,0.0,0.0,0.85,1.29,5447700.0,3563000.0,0.0,0.0,0.29,0.45,2040000.0,2480000.0,0.0,0.0,0.42,1.49,678000.0,382000.0,0.0,0.0,1.26,0.05,4730000.0,6720000.0,0.0,0.0,0.02,0.04,507000.0,282000.0,0.0,0.0,0.94,1.3,3068000.0,3028000.0,0.0,0.0,1.1600000000000001,1.31,2835000.0,2572000.0,0.0,0.0,0.3,0.11,905000.0,912100.0,0.0,0.0,0.56,0.02,2530000.0,3200000.0,0.0,0.0,0.29,0.03,1890000.0,2370000.0,0.0,0.0,0.99,1.3199999999999998,2276000.0,2051000.0,0.0,0.0
98,14,1609,2505,7,10671,32,3779,1136,1666,1871,1063,14127,0.77,1.31,3134000.0,2119000.0,0.0,0.0,0.85,1.29,5447700.0,3563000.0,0.0,0.0,0.29,0.45,2040000.0,2480000.0,0.0,0.0,0.42,1.49,678000.0,382000.0,0.0,0.0,1.26,0.05,4730000.0,6720000.0,0.0,0.0,0.02,0.04,507000.0,282000.0,0.0,0.0,0.94,1.3,3068000.0,3028000.0,0.0,0.0,1.1600000000000001,1.31,2835000.0,2572000.0,0.0,0.0,0.3,0.11,905000.0,912100.0,0.0,0.0,0.56,0.02,2530000.0,3200000.0,0.0,0.0,0.29,0.03,1890000.0,2370000.0,0.0,0.0,0.99,1.3199999999999998,2276000.0,2051000.0,0.0,0.0
99,21,1714,2670,32,13924,11,6001,1858,2548,1808,1039,19388,0.77,1.31,3134000.0,2119000.0,0.0,0.0,0.85,1.29,5447700.0,3563000.0,0.0,0.0,0.29,0.45,2040000.0,2480000.0,0.0,0.0,0.42,1.49,678000.0,382000.0,0.0,0.0,1.26,0.05,4730000.0,6720000.0,0.0,0.0,0.02,0.04,507000.0,282000.0,0.0,0.0,0.94,1.3,3068000.0,3028000.0,0.0,0.0,1.1600000000000001,1.31,2835000.0,2572000.0,0.0,0.0,0.3,0.11,905000.0,912100.0,0.0,0.0,0.56,0.02,2530000.0,3200000.0,0.0,0.0,0.29,0.03,1890000.0,2370000.0,0.0,0.0,0.99,1.3199999999999998,2276000.0,2051000.0,0.0,0.0
100,38,1653,2556,29,12173,6,4538,1500,1728,1972,994,16018,0.77,1.31,3134000.0,2119000.0,0.0,0.0,0.85,1.29,5447700.0,3563000.0,0.0,0.0,0.29,0.45,2040000.0,2480000.0,0.0,0.0,0.42,1.49,678000.0,382000.0,0.0,0.0,1.26,0.05,4730000.0,6720000.0,0.0,0.0,0.02,0.04,507000.0,282000.0,0.0,0.0,0.94,1.3,3068000.0,3028000.0,0.0,0.0,1.1600000000000001,1.31,2835000.0,2572000.0,0.0,0.0,0.3,0.11,905000.0,912100.0,0.0,0.0,0.56,0.02,2530000.0,3200000.0,0.0,0.0,0.29,0.03,1890000.0,2370000.0,0.0,0.0,0.99,1.3199999999999998,2276000.0,2051000.0,0.0,0.0
101,13,1557,2357,7,10479,6,3815,1187,1688,1802,1042,13768,0.77,1.31,3134000.0,2119000.0,0.0,0.0,0.85,1.29,5447700.0,3563000.0,0.0,0.0,0.29,0.45,2040000.0,2480000.0,0.0,0.0,0.42,1.49,678000.0,382000.0,0.0,0.0,1.26,0.05,4730000.0,6720000.0,0.0,0.0,0.02,0.04,507000.0,282000.0,0.0,0.0,0.94,1.3,3068000.0,3028000.0,0.0,0.0,1.1600000000000001,1.31,2835000.0,2572000.0,0.0,0.0,0.3,0.11,905000.0,912100.0,0.0,0.0,0.56,0.02,2530000.0,3200000.0,0.0,0.0,0.29,0.03,1890000.0,2370000.0,0.0,0.0,0.99,1.3199999999999998,2276000.0,2051000.0,0.0,0.0
102,13,2019,2838,25,12182,21,4317,1377,1722,1985,1020,15728,0.77,1.31,3134000.0,2119000.0,0.0,0.0,0.85,1.29,5447700.0,3563000.0,0.0,0.0,0.29,0.45,2040000.0,2480000.0,0.0,0.0,0.42,1.49,678000.0,382000.0,0.0,0.0,1.26,0.05,4730000.0,6720000.0,0.0,0.0,0.02,0.04,507000.0,282000.0,0.0,0.0,0.94,1.3,3068000.0,3028000.0,0.0,0.0,1.1600000000000001,1.31,2835000.0,2572000.0,0.0,0.0,0.3,0.11,905000.0,912100.0,0.0,0.0,0.56,0.02,2530000.0,3200000.0,0.0,0.0,0.29,0.03,1890000.0,2370000.0,0.0,0.0,0.99,1.3199999999999998,2276000.0,2051000.0,0.0,0.0
103,13,1673,2303,7,9920,6,3752,1204,1763,1826,1064,13232,0.77,1.31,3134000.0,2119000.0,0.0,0.0,0.85,1.29,5447700.0,3563000.0,0.0,0.0,0.29,0.45,2040000.0,2480000.0,0.0,0.0,0.42,1.49,678000.0,382000.0,0.0,0.0,1.26,0.05,4730000.0,6720000.0,0.0,0.0,0.02,0.04,507000.0,282000.0,0.0,0.0,0.94,1.3,3068000.0,3028000.0,0.0,0.0,1.1600000000000001,1.31,2835000.0,2572000.0,0.0,0.0,0.3,0.11,905000.0,912100.0,0.0,0.0,0.56,0.02,2530000.0,3200000.0,0.0,0.0,0.29,0.03,1890000.0,2370000.0,0.0,0.0,0.99,1.3199999999999998,2276000.0,2051000.0,0.0,0.0
104,20,2083,3179,11,14370,11,5728,1920,2584,2325,1332,19845,0.77,1.31,3134000.0,2119000.0,0.0,0.0,0.85,1.29,5447700.0,3563000.0,0.0,0.0,0.29,0.45,2040000.0,2480000.0,0.0,0.0,0.42,1.49,678000.0,382000.0,0.0,0.0,1.26,0.05,4730000.0,6720000.0,0.0,0.0,0.02,0.04,507000.0,282000.0,0.0,0.0,0.94,1.3,3068000.0,3028000.0,0.0,0.0,1.1600000000000001,1.31,2835000.0,2572000.0,0.0,0.0,0.3,0.11,905000.0,912100.0,0.0,0.0,0.56,0.02,2530000.0,3200000.0,0.0,0.0,0.29,0.03,1890000.0,2370000.0,0.0,0.0,0.99,1.3199999999999998,2276000.0,2051000.0,0.0,0.0
105,13,1353,1900,7,8738,6,3539,1130,1636,1443,798,12546,0.77,1.31,3134000.0,2119000.0,0.0,0.0,0.85,1.29,5447700.0,3563000.0,0.0,0.0,0.29,0.45,2040000.0,2480000.0,0.0,0.0,0.42,1.49,678000.0,382000.0,0.0,0.0,1.26,0.05,4730000.0,6720000.0,0.0,0.0,0.02,0.04,507000.0,282000.0,0.0,0.0,0.94,1.3,3068000.0,3028000.0,0.0,0.0,1.1600000000000001,1.31,2835000.0,2572000.0,0.0,0.0,0.3,0.11,905000.0,912100.0,0.0,0.0,0.56,0.02,2530000.0,3200000.0,0.0,0.0,0.29,0.03,1890000.0,2370000.0,0.0,0.0,0.99,1.3199999999999998,2276000.0,2051000.0,0.0,0.0
106,28,2198,3298,12,14000,11,5529,1756,2576,2213,1333,20414,0.77,1.31,3134000.0,2119000.0,0.0,0.0,0.85,1.29,5447700.0,3563000.0,0.0,0.0,0.29,0.45,2040000.0,2480000.0,0.0,0.0,0.42,1.49,678000.0,382000.0,0.0,0.0,1.26,0.05,4730000.0,6720000.0,0.0,0.0,0.02,0.04,507000.0,282000.0,0.0,0.0,0.94,1.3,3068000.0,3028000.0,0.0,0.0,1.1600000000000001,1.31,2835000.0,2572000.0,0.0,0.0,0.3,0.11,905000.0,912100.0,0.0,0.0,0.56,0.02,2530000.0,3200000.0,0.0,0.0,0.29,0.03,1890000.0,2370000.0,0.0,0.0,0.99,1.3199999999999998,2276000.0,2051000.0,0.0,0.0
107,13,1767,2574,20,11410,22,4390,1396,1922,1921,979,15703,0.77,1.31,3134000.0,2119000.0,0.0,0.0,0.85,1.29,5447700.0,3563000.0,0.0,0.0,0.29,0.45,2040000.0,2480000.0,0.0,0.0,0.42,1.49,678000.0,382000.0,0.0,0.0,1.26,0.05,4730000.0,6720000.0,0.0,0.0,0.02,0.04,507000.0,282000.0,0.0,0.0,0.94,1.3,3068000.0,3028000.0,0.0,0.0,1.1600000000000001,1.31,2835000.0,2572000.0,0.0,0.0,0.3,0.11,905000.0,912100.0,0.0,0.0,0.56,0.02,2530000.0,3200000.0,0.0,0.0,0.29,0.03,1890000.0,2370000.0,0.0,0.0,0.99,1.3199999999999998,2276000.0,2051000.0,0.0,0.0
108,14,1448,2013,7,8896,6,3482,1230,1566,1548,772,12447,0.77,1.31,3134000.0,2119000.0,0.0,0.0,0.85,1.29,5447700.0,3563000.0,0.0,0.0,0.29,0.45,2040000.0,2480000.0,0.0,0.0,0.42,1.49,678000.0,382000.0,0.0,0.0,1.26,0.05,4730000.0,6720000.0,0.0,0.0,0.02,0.04,507000.0,282000.0,0.0,0.0,0.94,1.3,3068000.0,3028000.0,0.0,0.0,1.1600000000000001,1.31,2835000.0,2572000.0,0.0,0.0,0.3,0.11,905000.0,912100.0,0.0,0.0,0.56,0.02,2530000.0,3200000.0,0.0,0.0,0.29,0.03,1890000.0,2370000.0,0.0,0.0,0.99,1.3199999999999998,2276000.0,2051000.0,0.0,0.0
109,14,1798,2617,7,10400,6,4252,1316,2102,1854,979,15261,0.77,1.31,3134000.0,2119000.0,0.0,0.0,0.85,1.29,5447700.0,3563000.0,0.0,0.0,0.29,0.45,2040000.0,2480000.0,0.0,0.0,0.42,1.49,678000.0,382000.0,0.0,0.0,1.26,0.05,4730000.0,6720000.0,0.0,0.0,0.02,0.04,507000.0,282000.0,0.0,0.0,0.94,1.3,3068000.0,3028000.0,0.0,0.0,1.1600000000000001,1.31,2835000.0,2572000.0,0.0,0.0,0.3,0.11,905000.0,912100.0,0.0,0.0,0.56,0.02,2530000.0,3200000.0,0.0,0.0,0.29,0.03,1890000.0,2370000.0,0.0,0.0,0.99,1.3199999999999998,2276000.0,2051000.0,0.0,0.0
110,13,1831,2566,6,10828,20,3999,1169,1945,1856,951,14979,0.77,1.31,3134000.0,2119000.0,0.0,0.0,0.85,1.29,5447700.0,3563000.0,0.0,0.0,0.29,0.45,2040000.0,2480000.0,0.0,0.0,0.42,1.49,678000.0,382000.0,0.0,0.0,1.26,0.05,4730000.0,6720000.0,0.0,0.0,0.02,0.04,507000.0,282000.0,0.0,0.0,0.94,1.3,3068000.0,3028000.0,0.0,0.0,1.1600000000000001,1.31,2835000.0,2572000.0,0.0,0.0,0.3,0.11,905000.0,912100.0,0.0,0.0,0.56,0.02,2530000.0,3200000.0,0.0,0.0,0.29,0.03,1890000.0,2370000.0,0.0,0.0,0.99,1.3199999999999998,2276000.0,2051000.0,0.0,0.0
111,21,2125,3011,11,14067,11,5662,1700,2597,2308,1385,19841,0.77,1.31,3134000.0,2119000.0,0.0,0.0,0.85,1.29,5447700.0,3563000.0,0.0,0.0,0.29,0.45,2040000.0,2480000.0,0.0,0.0,0.42,1.49,678000.0,382000.0,0.0,0.0,1.26,0.05,4730000.0,6720000.0,0.0,0.0,0.02,0.04,507000.0,282000.0,0.0,0.0,0.94,1.3,3068000.0,3028000.0,0.0,0.0,1.1600000000000001,1.31,2835000.0,2572000.0,0.0,0.0,0.3,0.11,905000.0,912100.0,0.0,0.0,0.56,0.02,2530000.0,3200000.0,0.0,0.0,0.29,0.03,1890000.0,2370000.0,0.0,0.0,0.99,1.3199999999999998,2276000.0,2051000.0,0.0,0.0
112,33,1586,2265,26,10039,7,3843,1101,1837,1701,1013,13540,0.77,1.31,3134000.0,2119000.0,0.0,0.0,0.85,1.29,5447700.0,3563000.0,0.0,0.0,0.29,0.45,2040000.0,2480000.0,0.0,0.0,0.42,1.49,678000.0,382000.0,0.0,0.0,1.26,0.05,4730000.0,6720000.0,0.0,0.0,0.02,0.04,507000.0,282000.0,0.0,0.0,0.94,1.3,3068000.0,3028000.0,0.0,0.0,1.1600000000000001,1.31,2835000.0,2572000.0,0.0,0.0,0.3,0.11,905000.0,912100.0,0.0,0.0,0.56,0.02,2530000.0,3200000.0,0.0,0.0,0.29,0.03,1890000.0,2370000.0,0.0,0.0,0.99,1.3199999999999998,2276000.0,2051000.0,0.0,0.0
113,16,1706,2360,7,11119,7,4858,1628,2201,1852,1052,15028,0.77,1.31,3134000.0,2119000.0,0.0,0.0,0.85,1.29,5447700.0,3563000.0,0.0,0.0,0.29,0.45,2040000.0,2480000.0,0.0,0.0,0.42,1.49,678000.0,382000.0,0.0,0.0,1.26,0.05,4730000.0,6720000.0,0.0,0.0,0.02,0.04,507000.0,282000.0,0.0,0.0,0.94,1.3,3068000.0,3028000.0,0.0,0.0,1.1600000000000001,1.31,2835000.0,2572000.0,0.0,0.0,0.3,0.11,905000.0,912100.0,0.0,0.0,0.56,0.02,2530000.0,3200000.0,0.0,0.0,0.29,0.03,1890000.0,2370000.0,0.0,0.0,0.99,1.3199999999999998,2276000.0,2051000.0,0.0,0.0
114,14,1607,2349,7,10949,7,5013,1590,2095,1724,1016,15646,0.77,1.31,3134000.0,2119000.0,0.0,0.0,0.85,1.29,5447700.0,3563000.0,0.0,0.0,0.29,0.45,2040000.0,2480000.0,0.0,0.0,0.42,1.49,678000.0,382000.0,0.0,0.0,1.26,0.05,4730000.0,6720000.0,0.0,0.0,0.02,0.04,507000.0,282000.0,0.0,0.0,0.94,1.3,3068000.0,3028000.0,0.0,0.0,1.1600000000000001,1.31,2835000.0,2572000.0,0.0,0.0,0.3,0.11,905000.0,912100.0,0.0,0.0,0.56,0.02,2530000.0,3200000.0,0.0,0.0,0.29,0.03,1890000.0,2370000.0,0.0,0.0,0.99,1.3199999999999998,2276000.0,2051000.0,0.0,0.0
115,13,1601,2959,28,11347,6,4034,1195,1720,1892,1029,14989,0.77,1.31,3134000.0,2119000.0,0.0,0.0,0.85,1.29,5447700.0,3563000.0,0.0,0.0,0.29,0.45,2040000.0,2480000.0,0.0,0.0,0.42,1.49,678000.0,382000.0,0.0,0.0,1.26,0.05,4730000.0,6720000.0,0.0,0.0,0.02,0.04,507000.0,282000.0,0.0,0.0,0.94,1.3,3068000.0,3028000.0,0.0,0.0,1.1600000000000001,1.31,2835000.0,2572000.0,0.0,0.0,0.3,0.11,905000.0,912100.0,0.0,0.0,0.56,0.02,2530000.0,3200000.0,0.0,0.0,0.29,0.03,1890000.0,2370000.0,0.0,0.0,0.99,1.3199999999999998,2276000.0,2051000.0,0.0,0.0
116,13,1697,2536,6,10490,30,3852,1242,1855,1781,999,13499,0.77,1.31,3134000.0,2119000.0,0.0,0.0,0.85,1.29,5447700.0,3563000.0,0.0,0.0,0.29,0.45,2040000.0,2480000.0,0.0,0.0,0.42,1.49,678000.0,382000.0,0.0,0.0,1.26,0.05,4730000.0,6720000.0,0.0,0.0,0.02,0.04,507000.0,282000.0,0.0,0.0,0.94,1.3,3068000.0,3028000.0,0.0,0.0,1.1600000000000001,1.31,2835000.0,2572000.0,0.0,0.0,0.3,0.11,905000.0,912100.0,0.0,0.0,0.56,0.02,2530000.0,3200000.0,0.0,0.0,0.29,0.03,1890000.0,2370000.0,0.0,0.0,0.99,1.3199999999999998,2276000.0,2051000.0,0.0,0.0
117,22,1773,3487,13,13390,11,5160,1696,2266,1946,1170,18926,0.77,1.31,3134000.0,2119000.0,0.0,0.0,0.85,1.29,5447700.0,3563000.0,0.0,0.0,0.29,0.45,2040000.0,2480000.0,0.0,0.0,0.42,1.49,678000.0,382000.0,0.0,0.0,1.26,0.05,4730000.0,6720000.0,0.0,0.0,0.02,0.04,507000.0,282000.0,0.0,0.0,0.94,1.3,3068000.0,3028000.0,0.0,0.0,1.1600000000000001,1.31,2835000.0,2572000.0,0.0,0.0,0.3,0.11,905000.0,912100.0,0.0,0.0,0.56,0.02,2530000.0,3200000.0,0.0,0.0,0.29,0.03,1890000.0,2370000.0,0.0,0.0,0.99,1.3199999999999998,2276000.0,2051000.0,0.0,0.0
118,13,1800,2684,7,10807,6,4030,1401,1707,1991,1022,14471,0.77,1.31,3134000.0,2119000.0,0.0,0.0,0.85,1.29,5447700.0,3563000.0,0.0,0.0,0.29,0.45,2040000.0,2480000.0,0.0,0.0,0.42,1.49,678000.0,382000.0,0.0,0.0,1.26,0.05,4730000.0,6720000.0,0.0,0.0,0.02,0.04,507000.0,282000.0,0.0,0.0,0.94,1.3,3068000.0,3028000.0,0.0,0.0,1.1600000000000001,1.31,2835000.0,2572000.0,0.0,0.0,0.3,0.11,905000.0,912100.0,0.0,0.0,0.56,0.02,2530000.0,3200000.0,0.0,0.0,0.29,0.03,1890000.0,2370000.0,0.0,0.0,0.99,1.3199999999999998,2276000.0,2051000.0,0.0,0.0
119,13,1781,2446,7,10443,6,3938,1114,1744,1771,1029,14108,0.77,1.31,3134000.0,2119000.0,0.0,0.0,0.85,1.29,5447700.0,3563000.0,0.0,0.0,0.29,0.45,2040000.0,2480000.0,0.0,0.0,0.42,1.49,678000.0,382000.0,0.0,0.0,1.26,0.05,4730000.0,6720000.0,0.0,0.0,0.02,0.04,507000.0,282000.0,0.0,0.0,0.94,1.3,3068000.0,3028000.0,0.0,0.0,1.1600000000000001,1.31,2835000.0,2572000.0,0.0,0.0,0.3,0.11,905000.0,912100.0,0.0,0.0,0.56,0.02,2530000.0,3200000.0,0.0,0.0,0.29,0.03,1890000.0,2370000.0,0.0,0.0,0.99,1.3199999999999998,2276000.0,2051000.0,0.0,0.0
120,14,1598,2308,7,10388,6,3587,1091,1609,1725,1021,14538,0.77,1.31,3134000.0,2119000.0,0.0,0.0,0.85,1.29,5447700.0,3563000.0,0.0,0.0,0.29,0.45,2040000.0,2480000.0,0.0,0.0,0.42,1.49,678000.0,382000.0,0.0,0.0,1.26,0.05,4730000.0,6720000.0,0.0,0.0,0.02,0.04,507000.0,282000.0,0.0,0.0,0.94,1.3,3068000.0,3028000.0,0.0,0.0,1.1600000000000001,1.31,2835000.0,2572000.0,0.0,0.0,0.3,0.11,905000.0,912100.0,0.0,0.0,0.56,0.02,2530000.0,3200000.0,0.0,0.0,0.29,0.03,1890000.0,2370000.0,0.0,0.0,0.99,1.3199999999999998,2276000.0,2051000.0,0.0,0.0
121,13,1978,2713,8,11179,6,3974,1218,1760,1962,1122,15386,0.77,1.31,3134000.0,2119000.0,0.0,0.0,0.85,1.29,5447700.0,3563000.0,0.0,0.0,0.29,0.45,2040000.0,2480000.0,0.0,0.0,0.42,1.49,678000.0,382000.0,0.0,0.0,1.26,0.05,4730000.0,6720000.0,0.0,0.0,0.02,0.04,507000.0,282000.0,0.0,0.0,0.94,1.3,3068000.0,3028000.0,0.0,0.0,1.1600000000000001,1.31,2835000.0,2572000.0,0.0,0.0,0.3,0.11,905000.0,912100.0,0.0,0.0,0.56,0.02,2530000.0,3200000.0,0.0,0.0,0.29,0.03,1890000.0,2370000.0,0.0,0.0,0.99,1.3199999999999998,2276000.0,2051000.0,0.0,0.0
122,21,2122,3012,13,14138,11,5702,1880,2585,2228,1408,19099,0.77,1.31,3134000.0,2119000.0,0.0,0.0,0.85,1.29,5447700.0,3563000.0,0.0,0.0,0.29,0.45,2040000.0,2480000.0,0.0,0.0,0.42,1.49,678000.0,382000.0,0.0,0.0,1.26,0.05,4730000.0,6720000.0,0.0,0.0,0.02,0.04,507000.0,282000.0,0.0,0.0,0.94,1.3,3068000.0,3028000.0,0.0,0.0,1.1600000000000001,1.31,2835000.0,2572000.0,0.0,0.0,0.3,0.11,905000.0,912100.0,0.0,0.0,0.56,0.02,2530000.0,3200000.0,0.0,0.0,0.29,0.03,1890000.0,2370000.0,0.0,0.0,0.99,1.3199999999999998,2276000.0,2051000.0,0.0,0.0
123,15,1651,2363,6,10147,31,3807,1285,1821,1694,1018,13977,0.77,1.31,3134000.0,2119000.0,0.0,0.0,0.85,1.29,5447700.0,3563000.0,0.0,0.0,0.29,0.45,2040000.0,2480000.0,0.0,0.0,0.42,1.49,678000.0,382000.0,0.0,0.0,1.26,0.05,4730000.0,6720000.0,0.0,0.0,0.02,0.04,507000.0,282000.0,0.0,0.0,0.94,1.3,3068000.0,3028000.0,0.0,0.0,1.1600000000000001,1.31,2835000.0,2572000.0,0.0,0.0,0.3,0.11,905000.0,912100.0,0.0,0.0,0.56,0.02,2530000.0,3200000.0,0.0,0.0,0.29,0.03,1890000.0,2370000.0,0.0,0.0,0.99,1.3199999999999998,2276000.0,2051000.0,0.0,0.0
124,13,1694,2518,21,10501,20,3940,1256,1808,1860,995,14325,0.77,1.31,3134000.0,2119000.0,0.0,0.0,0.85,1.29,5447700.0,3563000.0,0.0,0.0,0.29,0.45,2040000.0,2480000.0,0.0,0.0,0.42,1.49,678000.0,382000.0,0.0,0.0,1.26,0.05,4730000.0,6720000.0,0.0,0.0,0.02,0.04,507000.0,282000.0,0.0,0.0,0.94,1.3,3068000.0,3028000.0,0.0,0.0,1.1600000000000001,1.31,2835000.0,2572000.0,0.0,0.0,0.3,0.11,905000.0,912100.0,0.0,0.0,0.56,0.02,2530000.0,3200000.0,0.0,0.0,0.29,0.03,1890000.0,2370000.0,0.0,0.0,0.99,1.3199999999999998,2276000.0,2051000.0,0.0,0.0
125,13,1662,2466,7,10750,21,3912,1277,1730,1832,1063,14128,0.77,1.31,3134000.0,2119000.0,0.0,0.0,0.85,1.29,5447700.0,3563000.0,0.0,0.0,0.29,0.45,2040000.0,2480000.0,0.0,0.0,0.42,1.49,678000.0,382000.0,0.0,0.0,1.26,0.05,4730000.0,6720000.0,0.0,0.0,0.02,0.04,507000.0,282000.0,0.0,0.0,0.94,1.3,3068000.0,3028000.0,0.0,0.0,1.1600000000000001,1.31,2835000.0,2572000.0,0.0,0.0,0.3,0.11,905000.0,912100.0,0.0,0.0,0.56,0.02,2530000.0,3200000.0,0.0,0.0,0.29,0.03,1890000.0,2370000.0,0.0,0.0,0.99,1.3199999999999998,2276000.0,2051000.0,0.0,0.0
126,13,1530,2277,27,10615,6,3978,1190,1715,1728,1004,13944,0.77,1.31,3134000.0,2119000.0,0.0,0.0,0.85,1.29,5447700.0,3563000.0,0.0,0.0,0.29,0.45,2040000.0,2480000.0,0.0,0.0,0.42,1.49,678000.0,382000.0,0.0,0.0,1.26,0.05,4730000.0,6720000.0,0.0,0.0,0.02,0.04,507000.0,282000.0,0.0,0.0,0.94,1.3,3068000.0,3028000.0,0.0,0.0,1.1600000000000001,1.31,2835000.0,2572000.0,0.0,0.0,0.3,0.11,905000.0,912100.0,0.0,0.0,0.56,0.02,2530000.0,3200000.0,0.0,0.0,0.29,0.03,1890000.0,2370000.0,0.0,0.0,0.99,1.3199999999999998,2276000.0,2051000.0,0.0,0.0
127,13,1593,3704,7,13097,6,4549,1561,2019,1884,1040,17616,0.77,1.31,3134000.0,2119000.0,0.0,0.0,0.85,1.29,5447700.0,3563000.0,0.0,0.0,0.29,0.45,2040000.0,2480000.0,0.0,0.0,0.42,1.49,678000.0,382000.0,0.0,0.0,1.26,0.05,4730000.0,6720000.0,0.0,0.0,0.02,0.04,507000.0,282000.0,0.0,0.0,0.94,1.3,3068000.0,3028000.0,0.0,0.0,1.1600000000000001,1.31,2835000.0,2572000.0,0.0,0.0,0.3,0.11,905000.0,912100.0,0.0,0.0,0.56,0.02,2530000.0,3200000.0,0.0,0.0,0.29,0.03,1890000.0,2370000.0,0.0,0.0,0.99,1.3199999999999998,2276000.0,2051000.0,0.0,0.0
128,14,1832,2777,7,11086,21,3773,1255,1711,1846,1042,14973,0.77,1.31,3134000.0,2119000.0,0.0,0.0,0.85,1.29,5447700.0,3563000.0,0.0,0.0,0.29,0.45,2040000.0,2480000.0,0.0,0.0,0.42,1.49,678000.0,382000.0,0.0,0.0,1.26,0.05,4730000.0,6720000.0,0.0,0.0,0.02,0.04,507000.0,282000.0,0.0,0.0,0.94,1.3,3068000.0,3028000.0,0.0,0.0,1.1600000000000001,1.31,2835000.0,2572000.0,0.0,0.0,0.3,0.11,905000.0,912100.0,0.0,0.0,0.56,0.02,2530000.0,3200000.0,0.0,0.0,0.29,0.03,1890000.0,2370000.0,0.0,0.0,0.99,1.3199999999999998,2276000.0,2051000.0,0.0,0.0
129,14,1515,3998,7,19035,6,5725,1406,1870,1753,1117,22476,0.77,1.31,3134000.0,2119000.0,0.0,0.0,0.85,1.29,5447700.0,3563000.0,0.0,0.0,0.29,0.45,2040000.0,2480000.0,0.0,0.0,0.42,1.49,678000.0,382000.0,0.0,0.0,1.26,0.05,4730000.0,6720000.0,0.0,0.0,0.02,0.04,507000.0,282000.0,0.0,0.0,0.94,1.3,3068000.0,3028000.0,0.0,0.0,1.1600000000000001,1.31,2835000.0,2572000.0,0.0,0.0,0.3,0.11,905000.0,912100.0,0.0,0.0,0.56,0.02,2530000.0,3200000.0,0.0,0.0,0.29,0.03,1890000.0,2370000.0,0.0,0.0,0.99,1.3199999999999998,2276000.0,2051000.0,0.0,0.0
130,13,1525,2095,26,9783,6,3806,1055,1891,1826,1026,13197,0.77,1.31,3134000.0,2119000.0,0.0,0.0,0.85,1.29,5447700.0,3563000.0,0.0,0.0,0.29,0.45,2040000.0,2480000.0,0.0,0.0,0.42,1.49,678000.0,382000.0,0.0,0.0,1.26,0.05,4730000.0,6720000.0,0.0,0.0,0.02,0.04,507000.0,282000.0,0.0,0.0,0.94,1.3,3068000.0,3028000.0,0.0,0.0,1.1600000000000001,1.31,2835000.0,2572000.0,0.0,0.0,0.3,0.11,905000.0,912100.0,0.0,0.0,0.56,0.02,2530000.0,3200000.0,0.0,0.0,0.29,0.03,1890000.0,2370000.0,0.0,0.0,0.99,1.3199999999999998,2276000.0,2051000.0,0.0,0.0
131,18,1643,2450,6,10893,20,4282,1425,2104,1789,987,14291,0.77,1.31,3134000.0,2119000.0,0.0,0.0,0.85,1.29,5447700.0,3563000.0,0.0,0.0,0.29,0.45,2040000.0,2480000.0,0.0,0.0,0.42,1.49,678000.0,382000.0,0.0,0.0,1.26,0.05,4730000.0,6720000.0,0.0,0.0,0.02,0.04,507000.0,282000.0,0.0,0.0,0.94,1.3,3068000.0,3028000.0,0.0,0.0,1.1600000000000001,1.31,2835000.0,2572000.0,0.0,0.0,0.3,0.11,905000.0,912100.0,0.0,0.0,0.56,0.02,2530000.0,3200000.0,0.0,0.0,0.29,0.03,1890000.0,2370000.0,0.0,0.0,0.99,1.3199999999999998,2276000.0,2051000.0,0.0,0.0
132,14,1701,2443,7,10440,6,4049,1155,1777,1873,1191,13577,0.77,1.31,3134000.0,2119000.0,0.0,0.0,0.85,1.29,5447700.0,3563000.0,0.0,0.0,0.29,0.45,2040000.0,2480000.0,0.0,0.0,0.42,1.49,678000.0,382000.0,0.0,0.0,1.26,0.05,4730000.0,6720000.0,0.0,0.0,0.02,0.04,507000.0,282000.0,0.0,0.0,0.94,1.3,3068000.0,3028000.0,0.0,0.0,1.1600000000000001,1.31,2835000.0,2572000.0,0.0,0.0,0.3,0.11,905000.0,912100.0,0.0,0.0,0.56,0.02,2530000.0,3200000.0,0.0,0.0,0.29,0.03,1890000.0,2370000.0,0.0,0.0,0.99,1.3199999999999998,2276000.0,2051000.0,0.0,0.0
133,13,1630,2347,6,10540,28,4039,1310,1911,1894,1003,14102,0.77,1.31,3134000.0,2119000.0,0.0,0.0,0.85,1.29,5447700.0,3563000.0,0.0,0.0,0.29,0.45,2040000.0,2480000.0,0.0,0.0,0.42,1.49,678000.0,382000.0,0.0,0.0,1.26,0.05,4730000.0,6720000.0,0.0,0.0,0.02,0.04,507000.0,282000.0,0.0,0.0,0.94,1.3,3068000.0,3028000.0,0.0,0.0,1.1600000000000001,1.31,2835000.0,2572000.0,0.0,0.0,0.3,0.11,905000.0,912100.0,0.0,0.0,0.56,0.02,2530000.0,3200000.0,0.0,0.0,0.29,0.03,1890000.0,2370000.0,0.0,0.0,0.99,1.3199999999999998,2276000.0,2051000.0,0.0,0.0
134,13,1363,1895,7,8728,6,3569,1172,1634,1461,810,12028,0.77,1.31,3134000.0,2119000.0,0.0,0.0,0.85,1.29,5447700.0,3563000.0,0.0,0.0,0.29,0.45,2040000.0,2480000.0,0.0,0.0,0.42,1.49,678000.0,382000.0,0.0,0.0,1.26,0.05,4730000.0,6720000.0,0.0,0.0,0.02,0.04,507000.0,282000.0,0.0,0.0,0.94,1.3,3068000.0,3028000.0,0.0,0.0,1.1600000000000001,1.31,2835000.0,2572000.0,0.0,0.0,0.3,0.11,905000.0,912100.0,0.0,0.0,0.56,0.02,2530000.0,3200000.0,0.0,0.0,0.29,0.03,1890000.0,2370000.0,0.0,0.0,0.99,1.3199999999999998,2276000.0,2051000.0,0.0,0.0
135,15,1555,2307,26,10640,21,4253,1315,1753,1728,1035,13991,0.77,1.31,3134000.0,2119000.0,0.0,0.0,0.85,1.29,5447700.0,3563000.0,0.0,0.0,0.29,0.45,2040000.0,2480000.0,0.0,0.0,0.42,1.49,678000.0,382000.0,0.0,0.0,1.26,0.05,4730000.0,6720000.0,0.0,0.0,0.02,0.04,507000.0,282000.0,0.0,0.0,0.94,1.3,3068000.0,3028000.0,0.0,0.0,1.1600000000000001,1.31,2835000.0,2572000.0,0.0,0.0,0.3,0.11,905000.0,912100.0,0.0,0.0,0.56,0.02,2530000.0,3200000.0,0.0,0.0,0.29,0.03,1890000.0,2370000.0,0.0,0.0,0.99,1.3199999999999998,2276000.0,2051000.0,0.0,0.0
136,14,1696,2302,30,10697,6,4187,1376,2010,2010,1131,14973,0.77,1.31,3134000.0,2119000.0,0.0,0.0,0.85,1.29,5447700.0,3563000.0,0.0,0.0,0.29,0.45,2040000.0,2480000.0,0.0,0.0,0.42,1.49,678000.0,382000.0,0.0,0.0,1.26,0.05,4730000.0,6720000.0,0.0,0.0,0.02,0.04,507000.0,282000.0,0.0,0.0,0.94,1.3,3068000.0,3028000.0,0.0,0.0,1.1600000000000001,1.31,2835000.0,2572000.0,0.0,0.0,0.3,0.11,905000.0,912100.0,0.0,0.0,0.56,0.02,2530000.0,3200000.0,0.0,0.0,0.29,0.03,1890000.0,2370000.0,0.0,0.0,0.99,1.3199999999999998,2276000.0,2051000.0,0.0,0.0
137,15,1515,2218,6,9550,6,3596,1129,1622,1574,807,12862,0.77,1.31,3134000.0,2119000.0,0.0,0.0,0.85,1.29,5447700.0,3563000.0,0.0,0.0,0.29,0.45,2040000.0,2480000.0,0.0,0.0,0.42,1.49,678000.0,382000.0,0.0,0.0,1.26,0.05,4730000.0,6720000.0,0.0,0.0,0.02,0.04,507000.0,282000.0,0.0,0.0,0.94,1.3,3068000.0,3028000.0,0.0,0.0,1.1600000000000001,1.31,2835000.0,2572000.0,0.0,0.0,0.3,0.11,905000.0,912100.0,0.0,0.0,0.56,0.02,2530000.0,3200000.0,0.0,0.0,0.29,0.03,1890000.0,2370000.0,0.0,0.0,0.99,1.3199999999999998,2276000.0,2051000.0,0.0,0.0
138,13,1779,2674,7,11362,6,4493,1523,1982,1763,953,15511,0.77,1.31,3134000.0,2119000.0,0.0,0.0,0.85,1.29,5447700.0,3563000.0,0.0,0.0,0.29,0.45,2040000.0,2480000.0,0.0,0.0,0.42,1.49,678000.0,382000.0,0.0,0.0,1.26,0.05,4730000.0,6720000.0,0.0,0.0,0.02,0.04,507000.0,282000.0,0.0,0.0,0.94,1.3,3068000.0,3028000.0,0.0,0.0,1.1600000000000001,1.31,2835000.0,2572000.0,0.0,0.0,0.3,0.11,905000.0,912100.0,0.0,0.0,0.56,0.02,2530000.0,3200000.0,0.0,0.0,0.29,0.03,1890000.0,2370000.0,0.0,0.0,0.99,1.3199999999999998,2276000.0,2051000.0,0.0,0.0
139,20,1878,2795,6,12374,6,5088,1476,2306,1927,1089,17234,0.77,1.31,3134000.0,2119000.0,0.0,0.0,0.85,1.29,5447700.0,3563000.0,0.0,0.0,0.29,0.45,2040000.0,2480000.0,0.0,0.0,0.42,1.49,678000.0,382000.0,0.0,0.0,1.26,0.05,4730000.0,6720000.0,0.0,0.0,0.02,0.04,507000.0,282000.0,0.0,0.0,0.94,1.3,3068000.0,3028000.0,0.0,0.0,1.1600000000000001,1.31,2835000.0,2572000.0,0.0,0.0,0.3,0.11,905000.0,912100.0,0.0,0.0,0.56,0.02,2530000.0,3200000.0,0.0,0.0,0.29,0.03,1890000.0,2370000.0,0.0,0.0,0.99,1.3199999999999998,2276000.0,2051000.0,0.0,0.0
140,14,1715,2478,7,10064,6,3837,1101,1644,1872,983,13784,0.77,1.31,3134000.0,2119000.0,0.0,0.0,0.85,1.29,5447700.0,3563000.0,0.0,0.0,0.29,0.45,2040000.0,2480000.0,0.0,0.0,0.42,1.49,678000.0,382000.0,0.0,0.0,1.26,0.05,4730000.0,6720000.0,0.0,0.0,0.02,0.04,507000.0,282000.0,0.0,0.0,0.94,1.3,3068000.0,3028000.0,0.0,0.0,1.1600000000000001,1.31,2835000.0,2572000.0,0.0,0.0,0.3,0.11,905000.0,912100.0,0.0,0.0,0.56,0.02,2530000.0,3200000.0,0.0,0.0,0.29,0.03,1890000.0,2370000.0,0.0,0.0,0.99,1.3199999999999998,2276000.0,2051000.0,0.0,0.0
141,13,1567,2438,6,11065,21,3932,1135,1807,1705,1025,15597,0.77,1.31,3134000.0,2119000.0,0.0,0.0,0.85,1.29,5447700.0,3563000.0,0.0,0.0,0.29,0.45,2040000.0,2480000.0,0.0,0.0,0.42,1.49,678000.0,382000.0,0.0,0.0,1.26,0.05,4730000.0,6720000.0,0.0,0.0,0.02,0.04,507000.0,282000.0,0.0,0.0,0.94,1.3,3068000.0,3028000.0,0.0,0.0,1.1600000000000001,1.31,2835000.0,2572000.0,0.0,0.0,0.3,0.11,905000.0,912100.0,0.0,0.0,0.56,0.02,2530000.0,3200000.0,0.0,0.0,0.29,0.03,1890000.0,2370000.0,0.0,0.0,0.99,1.3199999999999998,2276000.0,2051000.0,0.0,0.0
142,33,1953,2727,7,11220,6,4356,1177,2009,2160,1089,15024,0.77,1.31,3134000.0,2119000.0,0.0,0.0,0.85,1.29,5447700.0,3563000.0,0.0,0.0,0.29,0.45,2040000.0,2480000.0,0.0,0.0,0.42,1.49,678000.0,382000.0,0.0,0.0,1.26,0.05,4730000.0,6720000.0,0.0,0.0,0.02,0.04,507000.0,282000.0,0.0,0.0,0.94,1.3,3068000.0,3028000.0,0.0,0.0,1.1600000000000001,1.31,2835000.0,2572000.0,0.0,0.0,0.3,0.11,905000.0,912100.0,0.0,0.0,0.56,0.02,2530000.0,3200000.0,0.0,0.0,0.29,0.03,1890000.0,2370000.0,0.0,0.0,0.99,1.3199999999999998,2276000.0,2051000.0,0.0,0.0
143,15,1558,2319,7,10151,6,3948,1262,1736,1830,1024,13990,0.77,1.31,3134000.0,2119000.0,0.0,0.0,0.85,1.29,5447700.0,3563000.0,0.0,0.0,0.29,0.45,2040000.0,2480000.0,0.0,0.0,0.42,1.49,678000.0,382000.0,0.0,0.0,1.26,0.05,4730000.0,6720000.0,0.0,0.0,0.02,0.04,507000.0,282000.0,0.0,0.0,0.94,1.3,3068000.0,3028000.0,0.0,0.0,1.1600000000000001,1.31,2835000.0,2572000.0,0.0,0.0,0.3,0.11,905000.0,912100.0,0.0,0.0,0.56,0.02,2530000.0,3200000.0,0.0,0.0,0.29,0.03,1890000.0,2370000.0,0.0,0.0,0.99,1.3199999999999998,2276000.0,2051000.0,0.0,0.0
144,19,1233,2651,9,15257,7,4866,1148,1610,1427,822,17382,0.77,1.31,3134000.0,2119000.0,0.0,0.0,0.85,1.29,5447700.0,3563000.0,0.0,0.0,0.29,0.45,2040000.0,2480000.0,0.0,0.0,0.42,1.49,678000.0,382000.0,0.0,0.0,1.26,0.05,4730000.0,6720000.0,0.0,0.0,0.02,0.04,507000.0,282000.0,0.0,0.0,0.94,1.3,3068000.0,3028000.0,0.0,0.0,1.1600000000000001,1.31,2835000.0,2572000.0,0.0,0.0,0.3,0.11,905000.0,912100.0,0.0,0.0,0.56,0.02,2530000.0,3200000.0,0.0,0.0,0.29,0.03,1890000.0,2370000.0,0.0,0.0,0.99,1.3199999999999998,2276000.0,2051000.0,0.0,0.0
145,15,1744,3555,7,17989,7,5032,1177,1577,1875,926,20255,0.77,1.31,3134000.0,2119000.0,0.0,0.0,0.85,1.29,5447700.0,3563000.0,0.0,0.0,0.29,0.45,2040000.0,2480000.0,0.0,0.0,0.42,1.49,678000.0,382000.0,0.0,0.0,1.26,0.05,4730000.0,6720000.0,0.0,0.0,0.02,0.04,507000.0,282000.0,0.0,0.0,0.94,1.3,3068000.0,3028000.0,0.0,0.0,1.1600000000000001,1.31,2835000.0,2572000.0,0.0,0.0,0.3,0.11,905000.0,912100.0,0.0,0.0,0.56,0.02,2530000.0,3200000.0,0.0,0.0,0.29,0.03,1890000.0,2370000.0,0.0,0.0,0.99,1.3199999999999998,2276000.0,2051000.0,0.0,0.0
146,13,1765,2556,7,10649,6,3875,1433,1724,2027,1024,13791,0.77,1.31,3134000.0,2119000.0,0.0,0.0,0.85,1.29,5447700.0,3563000.0,0.0,0.0,0.29,0.45,2040000.0,2480000.0,0.0,0.0,0.42,1.49,678000.0,382000.0,0.0,0.0,1.26,0.05,4730000.0,6720000.0,0.0,0.0,0.02,0.04,507000.0,282000.0,0.0,0.0,0.94,1.3,3068000.0,3028000.0,0.0,0.0,1.1600000000000001,1.31,2835000.0,2572000.0,0.0,0.0,0.3,0.11,905000.0,912100.0,0.0,0.0,0.56,0.02,2530000.0,3200000.0,0.0,0.0,0.29,0.03,1890000.0,2370000.0,0.0,0.0,0.99,1.3199999999999998,2276000.0,2051000.0,0.0,0.0
147,27,1781,2702,26,10987,20,4099,1232,1733,1733,1042,15850,0.77,1.31,3134000.0,2119000.0,0.0,0.0,0.85,1.29,5447700.0,3563000.0,0.0,0.0,0.29,0.45,2040000.0,2480000.0,0.0,0.0,0.42,1.49,678000.0,382000.0,0.0,0.0,1.26,0.05,4730000.0,6720000.0,0.0,0.0,0.02,0.04,507000.0,282000.0,0.0,0.0,0.94,1.3,3068000.0,3028000.0,0.0,0.0,1.1600000000000001,1.31,2835000.0,2572000.0,0.0,0.0,0.3,0.11,905000.0,912100.0,0.0,0.0,0.56,0.02,2530000.0,3200000.0,0.0,0.0,0.29,0.03,1890000.0,2370000.0,0.0,0.0,0.99,1.3199999999999998,2276000.0,2051000.0,0.0,0.0
148,21,1703,2405,8,10240,9,4016,1207,1901,1799,1202,14205,0.77,1.31,3134000.0,2119000.0,0.0,0.0,0.85,1.29,5447700.0,3563000.0,0.0,0.0,0.29,0.45,2040000.0,2480000.0,0.0,0.0,0.42,1.49,678000.0,382000.0,0.0,0.0,1.26,0.05,4730000.0,6720000.0,0.0,0.0,0.02,0.04,507000.0,282000.0,0.0,0.0,0.94,1.3,3068000.0,3028000.0,0.0,0.0,1.1600000000000001,1.31,2835000.0,2572000.0,0.0,0.0,0.3,0.11,905000.0,912100.0,0.0,0.0,0.56,0.02,2530000.0,3200000.0,0.0,0.0,0.29,0.03,1890000.0,2370000.0,0.0,0.0,0.99,1.3199999999999998,2276000.0,2051000.0,0.0,0.0
149,13,1810,3033,7,11636,6,4647,1469,2206,1955,1054,17104,0.77,1.31,3134000.0,2119000.0,0.0,0.0,0.85,1.29,5447700.0,3563000.0,0.0,0.0,0.29,0.45,2040000.0,2480000.0,0.0,0.0,0.42,1.49,678000.0,382000.0,0.0,0.0,1.26,0.05,4730000.0,6720000.0,0.0,0.0,0.02,0.04,507000.0,282000.0,0.0,0.0,0.94,1.3,3068000.0,3028000.0,0.0,0.0,1.1600000000000001,1.31,2835000.0,2572000.0,0.0,0.0,0.3,0.11,905000.0,912100.0,0.0,0.0,0.56,0.02,2530000.0,3200000.0,0.0,0.0,0.29,0.03,1890000.0,2370000.0,0.0,0.0,0.99,1.3199999999999998,2276000.0,2051000.0,0.0,0.0
