,media,compose-post,user,text,url-shorten,user-mention,user-timeline,nginx,post-storage,unique-id,social-graph,home-timeline,service-user-cpu_util,service-user-mem_util,service-user-netio_read,service-user-netio_write,service-user-blkio_read,service-user-blkio_write,service-post-storage-cpu_util,service-post-storage-mem_util,service-post-storage-netio_read,service-post-storage-netio_write,service-post-storage-blkio_read,service-post-storage-blkio_write,service-nginx-cpu_util,service-nginx-mem_util,service-nginx-netio_read,service-nginx-netio_write,service-nginx-blkio_read,service-nginx-blkio_write,service-media-cpu_util,service-media-mem_util,service-media-netio_read,service-media-netio_write,service-media-blkio_read,service-media-blkio_write,service-compose-post-cpu_util,service-compose-post-mem_util,service-compose-post-netio_read,service-compose-post-netio_write,service-compose-post-blkio_read,service-compose-post-blkio_write,service-unique-id-cpu_util,service-unique-id-mem_util,service-unique-id-netio_read,service-unique-id-netio_write,service-unique-id-blkio_read,service-unique-id-blkio_write,service-url-shorten-cpu_util,service-url-shorten-mem_util,service-url-shorten-netio_read,service-url-shorten-netio_write,service-url-shorten-blkio_read,service-url-shorten-blkio_write,service-user-timeline-cpu_util,service-user-timeline-mem_util,service-user-timeline-netio_read,service-user-timeline-netio_write,service-user-timeline-blkio_read,service-user-timeline-blkio_write,service-home-timeline-cpu_util,service-home-timeline-mem_util,service-home-timeline-netio_read,service-home-timeline-netio_write,service-home-timeline-blkio_read,service-home-timeline-blkio_write,service-text-cpu_util,service-text-mem_util,service-text-netio_read,service-text-netio_write,service-text-blkio_read,service-text-blkio_write,service-user-mention-cpu_util,service-user-mention-mem_util,service-user-mention-netio_read,service-user-mention-netio_write,service-user-mention-blkio_read,service-user-mention-blkio_write,service-social-graph-cpu_util,service-social-graph-mem_util,service-social-graph-netio_read,service-social-graph-netio_write,service-social-graph-blkio_read,service-social-graph-blkio_write
0,11,10725,10,4222,1434,1895,2110,14592,1095,21,1685,2409,1.14,1.3,56900000.0,33110000.0,0.0,0.0,0.77,2.1599999999999997,112928300.0,72050000.0,0.0,0.0,0.35,0.49,44500000.0,55100000.0,0.0,0.0,0.37,1.5,12984900.0,8790000.0,0.0,0.0,1.05,0.05,107000000.0,153000000.0,0.0,0.0,0.06,0.04,11000000.0,6540000.0,0.0,0.0,1.4300000000000002,2.27,59128700.0,60290000.0,0.0,0.0,1.04,1.4700000000000002,84290000.0,80280000.0,0.0,0.0,0.24000000000000002,0.11,18712000.0,20258000.0,0.0,0.0,0.56,0.02,57400000.0,73200000.0,0.0,0.0,0.39,0.03,36200000.0,50700000.0,0.0,0.0,0.8999999999999999,1.33,40320000.0,37300000.0,0.0,0.0
1,9,10022,11,4222,1442,1940,1739,13956,1013,20,1594,2201,1.14,1.3,56900000.0,33110000.0,0.0,0.0,0.77,2.1599999999999997,112928300.0,72050000.0,0.0,0.0,0.35,0.49,44500000.0,55100000.0,0.0,0.0,0.37,1.5,12984900.0,8790000.0,0.0,0.0,1.05,0.05,107000000.0,153000000.0,0.0,0.0,0.06,0.04,11000000.0,6540000.0,0.0,0.0,1.4300000000000002,2.27,59128700.0,60290000.0,0.0,0.0,1.04,1.4700000000000002,84290000.0,80280000.0,0.0,0.0,0.24000000000000002,0.11,18712000.0,20258000.0,0.0,0.0,0.56,0.02,57400000.0,73200000.0,0.0,0.0,0.39,0.03,36200000.0,50700000.0,0.0,0.0,0.8999999999999999,1.33,40320000.0,37300000.0,0.0,0.0
2,9,10036,11,3700,1267,1572,1741,13899,931,20,1321,2974,1.14,1.3,56900000.0,33110000.0,0.0,0.0,0.77,2.1599999999999997,112928300.0,72050000.0,0.0,0.0,0.35,0.49,44500000.0,55100000.0,0.0,0.0,0.37,1.5,12984900.0,8790000.0,0.0,0.0,1.05,0.05,107000000.0,153000000.0,0.0,0.0,0.06,0.04,11000000.0,6540000.0,0.0,0.0,1.4300000000000002,2.27,59128700.0,60290000.0,0.0,0.0,1.04,1.4700000000000002,84290000.0,80280000.0,0.0,0.0,0.24000000000000002,0.11,18712000.0,20258000.0,0.0,0.0,0.56,0.02,57400000.0,73200000.0,0.0,0.0,0.39,0.03,36200000.0,50700000.0,0.0,0.0,0.8999999999999999,1.33,40320000.0,37300000.0,0.0,0.0
3,11,10731,11,4131,1436,1792,1868,14992,1039,22,1670,2658,1.14,1.3,56900000.0,33110000.0,0.0,0.0,0.77,2.1599999999999997,112928300.0,72050000.0,0.0,0.0,0.35,0.49,44500000.0,55100000.0,0.0,0.0,0.37,1.5,12984900.0,8790000.0,0.0,0.0,1.05,0.05,107000000.0,153000000.0,0.0,0.0,0.06,0.04,11000000.0,6540000.0,0.0,0.0,1.4300000000000002,2.27,59128700.0,60290000.0,0.0,0.0,1.04,1.4700000000000002,84290000.0,80280000.0,0.0,0.0,0.24000000000000002,0.11,18712000.0,20258000.0,0.0,0.0,0.56,0.02,57400000.0,73200000.0,0.0,0.0,0.39,0.03,36200000.0,50700000.0,0.0,0.0,0.8999999999999999,1.33,40320000.0,37300000.0,0.0,0.0
4,11,10043,12,4080,1430,1818,1802,14128,913,21,1722,2316,1.14,1.3,56900000.0,33110000.0,0.0,0.0,0.77,2.1599999999999997,112928300.0,72050000.0,0.0,0.0,0.35,0.49,44500000.0,55100000.0,0.0,0.0,0.37,1.5,12984900.0,8790000.0,0.0,0.0,1.05,0.05,107000000.0,153000000.0,0.0,0.0,0.06,0.04,11000000.0,6540000.0,0.0,0.0,1.4300000000000002,2.27,59128700.0,60290000.0,0.0,0.0,1.04,1.4700000000000002,84290000.0,80280000.0,0.0,0.0,0.24000000000000002,0.11,18712000.0,20258000.0,0.0,0.0,0.56,0.02,57400000.0,73200000.0,0.0,0.0,0.39,0.03,36200000.0,50700000.0,0.0,0.0,0.8999999999999999,1.33,40320000.0,37300000.0,0.0,0.0
5,11,19162,10,6197,1500,1873,1933,22258,907,23,1630,3343,1.14,1.3,56900000.0,33110000.0,0.0,0.0,0.77,2.1599999999999997,112928300.0,72050000.0,0.0,0.0,0.35,0.49,44500000.0,55100000.0,0.0,0.0,0.37,1.5,12984900.0,8790000.0,0.0,0.0,1.05,0.05,107000000.0,153000000.0,0.0,0.0,0.06,0.04,11000000.0,6540000.0,0.0,0.0,1.4300000000000002,2.27,59128700.0,60290000.0,0.0,0.0,1.04,1.4700000000000002,84290000.0,80280000.0,0.0,0.0,0.24000000000000002,0.11,18712000.0,20258000.0,0.0,0.0,0.56,0.02,57400000.0,73200000.0,0.0,0.0,0.39,0.03,36200000.0,50700000.0,0.0,0.0,0.8999999999999999,1.33,40320000.0,37300000.0,0.0,0.0
6,9,9410,12,3816,1317,1842,1758,13086,932,21,1392,2094,1.14,1.3,56900000.0,33110000.0,0.0,0.0,0.77,2.1599999999999997,112928300.0,72050000.0,0.0,0.0,0.35,0.49,44500000.0,55100000.0,0.0,0.0,0.37,1.5,12984900.0,8790000.0,0.0,0.0,1.05,0.05,107000000.0,153000000.0,0.0,0.0,0.06,0.04,11000000.0,6540000.0,0.0,0.0,1.4300000000000002,2.27,59128700.0,60290000.0,0.0,0.0,1.04,1.4700000000000002,84290000.0,80280000.0,0.0,0.0,0.24000000000000002,0.11,18712000.0,20258000.0,0.0,0.0,0.56,0.02,57400000.0,73200000.0,0.0,0.0,0.39,0.03,36200000.0,50700000.0,0.0,0.0,0.8999999999999999,1.33,40320000.0,37300000.0,0.0,0.0
7,11,10464,7,3597,1135,1742,1816,15843,962,17,1517,2993,1.14,1.3,56900000.0,33110000.0,0.0,0.0,0.77,2.1599999999999997,112928300.0,72050000.0,0.0,0.0,0.35,0.49,44500000.0,55100000.0,0.0,0.0,0.37,1.5,12984900.0,8790000.0,0.0,0.0,1.05,0.05,107000000.0,153000000.0,0.0,0.0,0.06,0.04,11000000.0,6540000.0,0.0,0.0,1.4300000000000002,2.27,59128700.0,60290000.0,0.0,0.0,1.04,1.4700000000000002,84290000.0,80280000.0,0.0,0.0,0.24000000000000002,0.11,18712000.0,20258000.0,0.0,0.0,0.56,0.02,57400000.0,73200000.0,0.0,0.0,0.39,0.03,36200000.0,50700000.0,0.0,0.0,0.8999999999999999,1.33,40320000.0,37300000.0,0.0,0.0
8,11,9927,10,4223,1385,1932,1703,14020,1004,19,1553,2134,1.14,1.3,56900000.0,33110000.0,0.0,0.0,0.77,2.1599999999999997,112928300.0,72050000.0,0.0,0.0,0.35,0.49,44500000.0,55100000.0,0.0,0.0,0.37,1.5,12984900.0,8790000.0,0.0,0.0,1.05,0.05,107000000.0,153000000.0,0.0,0.0,0.06,0.04,11000000.0,6540000.0,0.0,0.0,1.4300000000000002,2.27,59128700.0,60290000.0,0.0,0.0,1.04,1.4700000000000002,84290000.0,80280000.0,0.0,0.0,0.24000000000000002,0.11,18712000.0,20258000.0,0.0,0.0,0.56,0.02,57400000.0,73200000.0,0.0,0.0,0.39,0.03,36200000.0,50700000.0,0.0,0.0,0.8999999999999999,1.33,40320000.0,37300000.0,0.0,0.0
9,11,12564,11,4258,1580,1911,1991,16681,1147,19,1572,3344,1.14,1.3,56900000.0,33110000.0,0.0,0.0,0.77,2.1599999999999997,112928300.0,72050000.0,0.0,0.0,0.35,0.49,44500000.0,55100000.0,0.0,0.0,0.37,1.5,12984900.0,8790000.0,0.0,0.0,1.05,0.05,107000000.0,153000000.0,0.0,0.0,0.06,0.04,11000000.0,6540000.0,0.0,0.0,1.4300000000000002,2.27,59128700.0,60290000.0,0.0,0.0,1.04,1.4700000000000002,84290000.0,80280000.0,0.0,0.0,0.24000000000000002,0.11,18712000.0,20258000.0,0.0,0.0,0.56,0.02,57400000.0,73200000.0,0.0,0.0,0.39,0.03,36200000.0,50700000.0,0.0,0.0,0.8999999999999999,1.33,40320000.0,37300000.0,0.0,0.0
10,12,11521,10,4417,1630,1793,1824,15807,1051,21,1599,2403,1.14,1.3,56900000.0,33110000.0,0.0,0.0,0.77,2.1599999999999997,112928300.0,72050000.0,0.0,0.0,0.35,0.49,44500000.0,55100000.0,0.0,0.0,0.37,1.5,12984900.0,8790000.0,0.0,0.0,1.05,0.05,107000000.0,153000000.0,0.0,0.0,0.06,0.04,11000000.0,6540000.0,0.0,0.0,1.4300000000000002,2.27,59128700.0,60290000.0,0.0,0.0,1.04,1.4700000000000002,84290000.0,80280000.0,0.0,0.0,0.24000000000000002,0.11,18712000.0,20258000.0,0.0,0.0,0.56,0.02,57400000.0,73200000.0,0.0,0.0,0.39,0.03,36200000.0,50700000.0,0.0,0.0,0.8999999999999999,1.33,40320000.0,37300000.0,0.0,0.0
11,10,10864,11,4364,1498,1925,1882,15093,1107,20,1452,2133,1.14,1.3,56900000.0,33110000.0,0.0,0.0,0.77,2.1599999999999997,112928300.0,72050000.0,0.0,0.0,0.35,0.49,44500000.0,55100000.0,0.0,0.0,0.37,1.5,12984900.0,8790000.0,0.0,0.0,1.05,0.05,107000000.0,153000000.0,0.0,0.0,0.06,0.04,11000000.0,6540000.0,0.0,0.0,1.4300000000000002,2.27,59128700.0,60290000.0,0.0,0.0,1.04,1.4700000000000002,84290000.0,80280000.0,0.0,0.0,0.24000000000000002,0.11,18712000.0,20258000.0,0.0,0.0,0.56,0.02,57400000.0,73200000.0,0.0,0.0,0.39,0.03,36200000.0,50700000.0,0.0,0.0,0.8999999999999999,1.33,40320000.0,37300000.0,0.0,0.0
12,10,9718,8,3885,1446,1703,1892,13035,1132,21,1618,2227,1.14,1.3,56900000.0,33110000.0,0.0,0.0,0.77,2.1599999999999997,112928300.0,72050000.0,0.0,0.0,0.35,0.49,44500000.0,55100000.0,0.0,0.0,0.37,1.5,12984900.0,8790000.0,0.0,0.0,1.05,0.05,107000000.0,153000000.0,0.0,0.0,0.06,0.04,11000000.0,6540000.0,0.0,0.0,1.4300000000000002,2.27,59128700.0,60290000.0,0.0,0.0,1.04,1.4700000000000002,84290000.0,80280000.0,0.0,0.0,0.24000000000000002,0.11,18712000.0,20258000.0,0.0,0.0,0.56,0.02,57400000.0,73200000.0,0.0,0.0,0.39,0.03,36200000.0,50700000.0,0.0,0.0,0.8999999999999999,1.33,40320000.0,37300000.0,0.0,0.0
13,12,10065,11,4088,1295,1978,1830,14045,866,21,1571,2271,1.14,1.3,56900000.0,33110000.0,0.0,0.0,0.77,2.1599999999999997,112928300.0,72050000.0,0.0,0.0,0.35,0.49,44500000.0,55100000.0,0.0,0.0,0.37,1.5,12984900.0,8790000.0,0.0,0.0,1.05,0.05,107000000.0,153000000.0,0.0,0.0,0.06,0.04,11000000.0,6540000.0,0.0,0.0,1.4300000000000002,2.27,59128700.0,60290000.0,0.0,0.0,1.04,1.4700000000000002,84290000.0,80280000.0,0.0,0.0,0.24000000000000002,0.11,18712000.0,20258000.0,0.0,0.0,0.56,0.02,57400000.0,73200000.0,0.0,0.0,0.39,0.03,36200000.0,50700000.0,0.0,0.0,0.8999999999999999,1.33,40320000.0,37300000.0,0.0,0.0
14,15,11821,9,4125,1270,1833,1711,15399,900,21,1567,3112,1.14,1.3,56900000.0,33110000.0,0.0,0.0,0.77,2.1599999999999997,112928300.0,72050000.0,0.0,0.0,0.35,0.49,44500000.0,55100000.0,0.0,0.0,0.37,1.5,12984900.0,8790000.0,0.0,0.0,1.05,0.05,107000000.0,153000000.0,0.0,0.0,0.06,0.04,11000000.0,6540000.0,0.0,0.0,1.4300000000000002,2.27,59128700.0,60290000.0,0.0,0.0,1.04,1.4700000000000002,84290000.0,80280000.0,0.0,0.0,0.24000000000000002,0.11,18712000.0,20258000.0,0.0,0.0,0.56,0.02,57400000.0,73200000.0,0.0,0.0,0.39,0.03,36200000.0,50700000.0,0.0,0.0,0.8999999999999999,1.33,40320000.0,37300000.0,0.0,0.0
15,10,10699,12,4190,1501,1838,1791,15411,906,22,2354,2991,1.14,1.3,56900000.0,33110000.0,0.0,0.0,0.77,2.1599999999999997,112928300.0,72050000.0,0.0,0.0,0.35,0.49,44500000.0,55100000.0,0.0,0.0,0.37,1.5,12984900.0,8790000.0,0.0,0.0,1.05,0.05,107000000.0,153000000.0,0.0,0.0,0.06,0.04,11000000.0,6540000.0,0.0,0.0,1.4300000000000002,2.27,59128700.0,60290000.0,0.0,0.0,1.04,1.4700000000000002,84290000.0,80280000.0,0.0,0.0,0.24000000000000002,0.11,18712000.0,20258000.0,0.0,0.0,0.56,0.02,57400000.0,73200000.0,0.0,0.0,0.39,0.03,36200000.0,50700000.0,0.0,0.0,0.8999999999999999,1.33,40320000.0,37300000.0,0.0,0.0
16,7,9715,11,3896,1598,1709,1594,14020,970,22,1386,1980,1.14,1.3,56900000.0,33110000.0,0.0,0.0,0.77,2.1599999999999997,112928300.0,72050000.0,0.0,0.0,0.35,0.49,44500000.0,55100000.0,0.0,0.0,0.37,1.5,12984900.0,8790000.0,0.0,0.0,1.05,0.05,107000000.0,153000000.0,0.0,0.0,0.06,0.04,11000000.0,6540000.0,0.0,0.0,1.4300000000000002,2.27,59128700.0,60290000.0,0.0,0.0,1.04,1.4700000000000002,84290000.0,80280000.0,0.0,0.0,0.24000000000000002,0.11,18712000.0,20258000.0,0.0,0.0,0.56,0.02,57400000.0,73200000.0,0.0,0.0,0.39,0.03,36200000.0,50700000.0,0.0,0.0,0.8999999999999999,1.33,40320000.0,37300000.0,0.0,0.0
17,11,10163,12,4378,1711,1780,1781,14420,1002,22,1456,2055,1.14,1.3,56900000.0,33110000.0,0.0,0.0,0.77,2.1599999999999997,112928300.0,72050000.0,0.0,0.0,0.35,0.49,44500000.0,55100000.0,0.0,0.0,0.37,1.5,12984900.0,8790000.0,0.0,0.0,1.05,0.05,107000000.0,153000000.0,0.0,0.0,0.06,0.04,11000000.0,6540000.0,0.0,0.0,1.4300000000000002,2.27,59128700.0,60290000.0,0.0,0.0,1.04,1.4700000000000002,84290000.0,80280000.0,0.0,0.0,0.24000000000000002,0.11,18712000.0,20258000.0,0.0,0.0,0.56,0.02,57400000.0,73200000.0,0.0,0.0,0.39,0.03,36200000.0,50700000.0,0.0,0.0,0.8999999999999999,1.33,40320000.0,37300000.0,0.0,0.0
18,11,10764,11,4188,1367,1950,1910,14955,1005,21,1588,2281,1.14,1.3,56900000.0,33110000.0,0.0,0.0,0.77,2.1599999999999997,112928300.0,72050000.0,0.0,0.0,0.35,0.49,44500000.0,55100000.0,0.0,0.0,0.37,1.5,12984900.0,8790000.0,0.0,0.0,1.05,0.05,107000000.0,153000000.0,0.0,0.0,0.06,0.04,11000000.0,6540000.0,0.0,0.0,1.4300000000000002,2.27,59128700.0,60290000.0,0.0,0.0,1.04,1.4700000000000002,84290000.0,80280000.0,0.0,0.0,0.24000000000000002,0.11,18712000.0,20258000.0,0.0,0.0,0.56,0.02,57400000.0,73200000.0,0.0,0.0,0.39,0.03,36200000.0,50700000.0,0.0,0.0,0.8999999999999999,1.33,40320000.0,37300000.0,0.0,0.0
19,10,12943,11,4508,1456,1962,1752,17175,1005,19,1704,3634,1.14,1.3,56900000.0,33110000.0,0.0,0.0,0.77,2.1599999999999997,112928300.0,72050000.0,0.0,0.0,0.35,0.49,44500000.0,55100000.0,0.0,0.0,0.37,1.5,12984900.0,8790000.0,0.0,0.0,1.05,0.05,107000000.0,153000000.0,0.0,0.0,0.06,0.04,11000000.0,6540000.0,0.0,0.0,1.4300000000000002,2.27,59128700.0,60290000.0,0.0,0.0,1.04,1.4700000000000002,84290000.0,80280000.0,0.0,0.0,0.24000000000000002,0.11,18712000.0,20258000.0,0.0,0.0,0.56,0.02,57400000.0,73200000.0,0.0,0.0,0.39,0.03,36200000.0,50700000.0,0.0,0.0,0.8999999999999999,1.33,40320000.0,37300000.0,0.0,0.0
20,12,10621,7,3758,1383,1668,2217,13619,991,21,1544,2251,1.14,1.3,56900000.0,33110000.0,0.0,0.0,0.77,2.1599999999999997,112928300.0,72050000.0,0.0,0.0,0.35,0.49,44500000.0,55100000.0,0.0,0.0,0.37,1.5,12984900.0,8790000.0,0.0,0.0,1.05,0.05,107000000.0,153000000.0,0.0,0.0,0.06,0.04,11000000.0,6540000.0,0.0,0.0,1.4300000000000002,2.27,59128700.0,60290000.0,0.0,0.0,1.04,1.4700000000000002,84290000.0,80280000.0,0.0,0.0,0.24000000000000002,0.11,18712000.0,20258000.0,0.0,0.0,0.56,0.02,57400000.0,73200000.0,0.0,0.0,0.39,0.03,36200000.0,50700000.0,0.0,0.0,0.8999999999999999,1.33,40320000.0,37300000.0,0.0,0.0
21,12,10162,14,4495,1838,1842,1821,15240,1043,22,1562,2121,1.14,1.3,56900000.0,33110000.0,0.0,0.0,0.77,2.1599999999999997,112928300.0,72050000.0,0.0,0.0,0.35,0.49,44500000.0,55100000.0,0.0,0.0,0.37,1.5,12984900.0,8790000.0,0.0,0.0,1.05,0.05,107000000.0,153000000.0,0.0,0.0,0.06,0.04,11000000.0,6540000.0,0.0,0.0,1.4300000000000002,2.27,59128700.0,60290000.0,0.0,0.0,1.04,1.4700000000000002,84290000.0,80280000.0,0.0,0.0,0.24000000000000002,0.11,18712000.0,20258000.0,0.0,0.0,0.56,0.02,57400000.0,73200000.0,0.0,0.0,0.39,0.03,36200000.0,50700000.0,0.0,0.0,0.8999999999999999,1.33,40320000.0,37300000.0,0.0,0.0
22,12,19662,13,6068,1162,1935,2141,22508,989,21,1763,3433,1.14,1.3,56900000.0,33110000.0,0.0,0.0,0.77,2.1599999999999997,112928300.0,72050000.0,0.0,0.0,0.35,0.49,44500000.0,55100000.0,0.0,0.0,0.37,1.5,12984900.0,8790000.0,0.0,0.0,1.05,0.05,107000000.0,153000000.0,0.0,0.0,0.06,0.04,11000000.0,6540000.0,0.0,0.0,1.4300000000000002,2.27,59128700.0,60290000.0,0.0,0.0,1.04,1.4700000000000002,84290000.0,80280000.0,0.0,0.0,0.24000000000000002,0.11,18712000.0,20258000.0,0.0,0.0,0.56,0.02,57400000.0,73200000.0,0.0,0.0,0.39,0.03,36200000.0,50700000.0,0.0,0.0,0.8999999999999999,1.33,40320000.0,37300000.0,0.0,0.0
23,10,12405,11,4660,1649,2125,2105,17863,1042,23,1860,3714,1.14,1.3,56900000.0,33110000.0,0.0,0.0,0.77,2.1599999999999997,112928300.0,72050000.0,0.0,0.0,0.35,0.49,44500000.0,55100000.0,0.0,0.0,0.37,1.5,12984900.0,8790000.0,0.0,0.0,1.05,0.05,107000000.0,153000000.0,0.0,0.0,0.06,0.04,11000000.0,6540000.0,0.0,0.0,1.4300000000000002,2.27,59128700.0,60290000.0,0.0,0.0,1.04,1.4700000000000002,84290000.0,80280000.0,0.0,0.0,0.24000000000000002,0.11,18712000.0,20258000.0,0.0,0.0,0.56,0.02,57400000.0,73200000.0,0.0,0.0,0.39,0.03,36200000.0,50700000.0,0.0,0.0,0.8999999999999999,1.33,40320000.0,37300000.0,0.0,0.0
24,11,19964,11,6146,1526,1867,1976,23281,1044,24,1529,4076,1.14,1.3,56900000.0,33110000.0,0.0,0.0,0.77,2.1599999999999997,112928300.0,72050000.0,0.0,0.0,0.35,0.49,44500000.0,55100000.0,0.0,0.0,0.37,1.5,12984900.0,8790000.0,0.0,0.0,1.05,0.05,107000000.0,153000000.0,0.0,0.0,0.06,0.04,11000000.0,6540000.0,0.0,0.0,1.4300000000000002,2.27,59128700.0,60290000.0,0.0,0.0,1.04,1.4700000000000002,84290000.0,80280000.0,0.0,0.0,0.24000000000000002,0.11,18712000.0,20258000.0,0.0,0.0,0.56,0.02,57400000.0,73200000.0,0.0,0.0,0.39,0.03,36200000.0,50700000.0,0.0,0.0,0.8999999999999999,1.33,40320000.0,37300000.0,0.0,0.0
25,10,9724,10,3802,1233,1765,2082,13322,964,20,1570,2177,1.14,1.3,56900000.0,33110000.0,0.0,0.0,0.77,2.1599999999999997,112928300.0,72050000.0,0.0,0.0,0.35,0.49,44500000.0,55100000.0,0.0,0.0,0.37,1.5,12984900.0,8790000.0,0.0,0.0,1.05,0.05,107000000.0,153000000.0,0.0,0.0,0.06,0.04,11000000.0,6540000.0,0.0,0.0,1.4300000000000002,2.27,59128700.0,60290000.0,0.0,0.0,1.04,1.4700000000000002,84290000.0,80280000.0,0.0,0.0,0.24000000000000002,0.11,18712000.0,20258000.0,0.0,0.0,0.56,0.02,57400000.0,73200000.0,0.0,0.0,0.39,0.03,36200000.0,50700000.0,0.0,0.0,0.8999999999999999,1.33,40320000.0,37300000.0,0.0,0.0
26,11,8853,10,3665,1192,1625,1615,12334,829,19,1395,1896,1.14,1.3,56900000.0,33110000.0,0.0,0.0,0.77,2.1599999999999997,112928300.0,72050000.0,0.0,0.0,0.35,0.49,44500000.0,55100000.0,0.0,0.0,0.37,1.5,12984900.0,8790000.0,0.0,0.0,1.05,0.05,107000000.0,153000000.0,0.0,0.0,0.06,0.04,11000000.0,6540000.0,0.0,0.0,1.4300000000000002,2.27,59128700.0,60290000.0,0.0,0.0,1.04,1.4700000000000002,84290000.0,80280000.0,0.0,0.0,0.24000000000000002,0.11,18712000.0,20258000.0,0.0,0.0,0.56,0.02,57400000.0,73200000.0,0.0,0.0,0.39,0.03,36200000.0,50700000.0,0.0,0.0,0.8999999999999999,1.33,40320000.0,37300000.0,0.0,0.0
27,9,10739,12,4335,1369,2075,1900,15057,1009,22,1672,2401,1.14,1.3,56900000.0,33110000.0,0.0,0.0,0.77,2.1599999999999997,112928300.0,72050000.0,0.0,0.0,0.35,0.49,44500000.0,55100000.0,0.0,0.0,0.37,1.5,12984900.0,8790000.0,0.0,0.0,1.05,0.05,107000000.0,153000000.0,0.0,0.0,0.06,0.04,11000000.0,6540000.0,0.0,0.0,1.4300000000000002,2.27,59128700.0,60290000.0,0.0,0.0,1.04,1.4700000000000002,84290000.0,80280000.0,0.0,0.0,0.24000000000000002,0.11,18712000.0,20258000.0,0.0,0.0,0.56,0.02,57400000.0,73200000.0,0.0,0.0,0.39,0.03,36200000.0,50700000.0,0.0,0.0,0.8999999999999999,1.33,40320000.0,37300000.0,0.0,0.0
28,7,9607,10,3988,1167,1896,1876,12888,970,21,1610,2120,1.14,1.3,56900000.0,33110000.0,0.0,0.0,0.77,2.1599999999999997,112928300.0,72050000.0,0.0,0.0,0.35,0.49,44500000.0,55100000.0,0.0,0.0,0.37,1.5,12984900.0,8790000.0,0.0,0.0,1.05,0.05,107000000.0,153000000.0,0.0,0.0,0.06,0.04,11000000.0,6540000.0,0.0,0.0,1.4300000000000002,2.27,59128700.0,60290000.0,0.0,0.0,1.04,1.4700000000000002,84290000.0,80280000.0,0.0,0.0,0.24000000000000002,0.11,18712000.0,20258000.0,0.0,0.0,0.56,0.02,57400000.0,73200000.0,0.0,0.0,0.39,0.03,36200000.0,50700000.0,0.0,0.0,0.8999999999999999,1.33,40320000.0,37300000.0,0.0,0.0
29,12,10880,10,4333,1618,1906,1984,14796,1186,21,1809,2451,1.14,1.3,56900000.0,33110000.0,0.0,0.0,0.77,2.1599999999999997,112928300.0,72050000.0,0.0,0.0,0.35,0.49,44500000.0,55100000.0,0.0,0.0,0.37,1.5,12984900.0,8790000.0,0.0,0.0,1.05,0.05,107000000.0,153000000.0,0.0,0.0,0.06,0.04,11000000.0,6540000.0,0.0,0.0,1.4300000000000002,2.27,59128700.0,60290000.0,0.0,0.0,1.04,1.4700000000000002,84290000.0,80280000.0,0.0,0.0,0.24000000000000002,0.11,18712000.0,20258000.0,0.0,0.0,0.56,0.02,57400000.0,73200000.0,0.0,0.0,0.39,0.03,36200000.0,50700000.0,0.0,0.0,0.8999999999999999,1.33,40320000.0,37300000.0,0.0,0.0
30,14,10524,30,4363,1540,1965,1923,14653,1104,23,1767,2345,1.14,1.3,56900000.0,33110000.0,0.0,0.0,0.77,2.1599999999999997,112928300.0,72050000.0,0.0,0.0,0.35,0.49,44500000.0,55100000.0,0.0,0.0,0.37,1.5,12984900.0,8790000.0,0.0,0.0,1.05,0.05,107000000.0,153000000.0,0.0,0.0,0.06,0.04,11000000.0,6540000.0,0.0,0.0,1.4300000000000002,2.27,59128700.0,60290000.0,0.0,0.0,1.04,1.4700000000000002,84290000.0,80280000.0,0.0,0.0,0.24000000000000002,0.11,18712000.0,20258000.0,0.0,0.0,0.56,0.02,57400000.0,73200000.0,0.0,0.0,0.39,0.03,36200000.0,50700000.0,0.0,0.0,0.8999999999999999,1.33,40320000.0,37300000.0,0.0,0.0
31,12,10044,10,3987,1406,1774,1783,13783,1075,20,1558,2179,1.14,1.3,56900000.0,33110000.0,0.0,0.0,0.77,2.1599999999999997,112928300.0,72050000.0,0.0,0.0,0.35,0.49,44500000.0,55100000.0,0.0,0.0,0.37,1.5,12984900.0,8790000.0,0.0,0.0,1.05,0.05,107000000.0,153000000.0,0.0,0.0,0.06,0.04,11000000.0,6540000.0,0.0,0.0,1.4300000000000002,2.27,59128700.0,60290000.0,0.0,0.0,1.04,1.4700000000000002,84290000.0,80280000.0,0.0,0.0,0.24000000000000002,0.11,18712000.0,20258000.0,0.0,0.0,0.56,0.02,57400000.0,73200000.0,0.0,0.0,0.39,0.03,36200000.0,50700000.0,0.0,0.0,0.8999999999999999,1.33,40320000.0,37300000.0,0.0,0.0
32,12,18219,10,5538,1258,1804,1882,21312,1077,22,1621,3411,1.14,1.3,56900000.0,33110000.0,0.0,0.0,0.77,2.1599999999999997,112928300.0,72050000.0,0.0,0.0,0.35,0.49,44500000.0,55100000.0,0.0,0.0,0.37,1.5,12984900.0,8790000.0,0.0,0.0,1.05,0.05,107000000.0,153000000.0,0.0,0.0,0.06,0.04,11000000.0,6540000.0,0.0,0.0,1.4300000000000002,2.27,59128700.0,60290000.0,0.0,0.0,1.04,1.4700000000000002,84290000.0,80280000.0,0.0,0.0,0.24000000000000002,0.11,18712000.0,20258000.0,0.0,0.0,0.56,0.02,57400000.0,73200000.0,0.0,0.0,0.39,0.03,36200000.0,50700000.0,0.0,0.0,0.8999999999999999,1.33,40320000.0,37300000.0,0.0,0.0
33,7,12093,12,4371,1541,1911,1818,17423,997,21,1868,3591,1.14,1.3,56900000.0,33110000.0,0.0,0.0,0.77,2.1599999999999997,112928300.0,72050000.0,0.0,0.0,0.35,0.49,44500000.0,55100000.0,0.0,0.0,0.37,1.5,12984900.0,8790000.0,0.0,0.0,1.05,0.05,107000000.0,153000000.0,0.0,0.0,0.06,0.04,11000000.0,6540000.0,0.0,0.0,1.4300000000000002,2.27,59128700.0,60290000.0,0.0,0.0,1.04,1.4700000000000002,84290000.0,80280000.0,0.0,0.0,0.24000000000000002,0.11,18712000.0,20258000.0,0.0,0.0,0.56,0.02,57400000.0,73200000.0,0.0,0.0,0.39,0.03,36200000.0,50700000.0,0.0,0.0,0.8999999999999999,1.33,40320000.0,37300000.0,0.0,0.0
34,11,12622,10,4037,1332,1683,1841,16860,923,15,2184,3948,1.14,1.3,56900000.0,33110000.0,0.0,0.0,0.77,2.1599999999999997,112928300.0,72050000.0,0.0,0.0,0.35,0.49,44500000.0,55100000.0,0.0,0.0,0.37,1.5,12984900.0,8790000.0,0.0,0.0,1.05,0.05,107000000.0,153000000.0,0.0,0.0,0.06,0.04,11000000.0,6540000.0,0.0,0.0,1.4300000000000002,2.27,59128700.0,60290000.0,0.0,0.0,1.04,1.4700000000000002,84290000.0,80280000.0,0.0,0.0,0.24000000000000002,0.11,18712000.0,20258000.0,0.0,0.0,0.56,0.02,57400000.0,73200000.0,0.0,0.0,0.39,0.03,36200000.0,50700000.0,0.0,0.0,0.8999999999999999,1.33,40320000.0,37300000.0,0.0,0.0
35,9,10858,11,4518,1706,1952,1760,15531,1098,25,1640,2473,1.14,1.3,56900000.0,33110000.0,0.0,0.0,0.77,2.1599999999999997,112928300.0,72050000.0,0.0,0.0,0.35,0.49,44500000.0,55100000.0,0.0,0.0,0.37,1.5,12984900.0,8790000.0,0.0,0.0,1.05,0.05,107000000.0,153000000.0,0.0,0.0,0.06,0.04,11000000.0,6540000.0,0.0,0.0,1.4300000000000002,2.27,59128700.0,60290000.0,0.0,0.0,1.04,1.4700000000000002,84290000.0,80280000.0,0.0,0.0,0.24000000000000002,0.11,18712000.0,20258000.0,0.0,0.0,0.56,0.02,57400000.0,73200000.0,0.0,0.0,0.39,0.03,36200000.0,50700000.0,0.0,0.0,0.8999999999999999,1.33,40320000.0,37300000.0,0.0,0.0
36,13,10440,10,4326,1351,1789,1643,15183,997,22,1798,2416,1.14,1.3,56900000.0,33110000.0,0.0,0.0,0.77,2.1599999999999997,112928300.0,72050000.0,0.0,0.0,0.35,0.49,44500000.0,55100000.0,0.0,0.0,0.37,1.5,12984900.0,8790000.0,0.0,0.0,1.05,0.05,107000000.0,153000000.0,0.0,0.0,0.06,0.04,11000000.0,6540000.0,0.0,0.0,1.4300000000000002,2.27,59128700.0,60290000.0,0.0,0.0,1.04,1.4700000000000002,84290000.0,80280000.0,0.0,0.0,0.24000000000000002,0.11,18712000.0,20258000.0,0.0,0.0,0.56,0.02,57400000.0,73200000.0,0.0,0.0,0.39,0.03,36200000.0,50700000.0,0.0,0.0,0.8999999999999999,1.33,40320000.0,37300000.0,0.0,0.0
37,12,11097,8,4294,1493,1882,2031,14736,1203,23,1661,2202,1.14,1.3,56900000.0,33110000.0,0.0,0.0,0.77,2.1599999999999997,112928300.0,72050000.0,0.0,0.0,0.35,0.49,44500000.0,55100000.0,0.0,0.0,0.37,1.5,12984900.0,8790000.0,0.0,0.0,1.05,0.05,107000000.0,153000000.0,0.0,0.0,0.06,0.04,11000000.0,6540000.0,0.0,0.0,1.4300000000000002,2.27,59128700.0,60290000.0,0.0,0.0,1.04,1.4700000000000002,84290000.0,80280000.0,0.0,0.0,0.24000000000000002,0.11,18712000.0,20258000.0,0.0,0.0,0.56,0.02,57400000.0,73200000.0,0.0,0.0,0.39,0.03,36200000.0,50700000.0,0.0,0.0,0.8999999999999999,1.33,40320000.0,37300000.0,0.0,0.0
38,10,9720,10,4103,1304,1932,1696,13543,937,19,1456,2114,1.14,1.3,56900000.0,33110000.0,0.0,0.0,0.77,2.1599999999999997,112928300.0,72050000.0,0.0,0.0,0.35,0.49,44500000.0,55100000.0,0.0,0.0,0.37,1.5,12984900.0,8790000.0,0.0,0.0,1.05,0.05,107000000.0,153000000.0,0.0,0.0,0.06,0.04,11000000.0,6540000.0,0.0,0.0,1.4300000000000002,2.27,59128700.0,60290000.0,0.0,0.0,1.04,1.4700000000000002,84290000.0,80280000.0,0.0,0.0,0.24000000000000002,0.11,18712000.0,20258000.0,0.0,0.0,0.56,0.02,57400000.0,73200000.0,0.0,0.0,0.39,0.03,36200000.0,50700000.0,0.0,0.0,0.8999999999999999,1.33,40320000.0,37300000.0,0.0,0.0
39,12,11039,10,3890,1297,1615,2122,14892,778,21,1484,2893,1.14,1.3,56900000.0,33110000.0,0.0,0.0,0.77,2.1599999999999997,112928300.0,72050000.0,0.0,0.0,0.35,0.49,44500000.0,55100000.0,0.0,0.0,0.37,1.5,12984900.0,8790000.0,0.0,0.0,1.05,0.05,107000000.0,153000000.0,0.0,0.0,0.06,0.04,11000000.0,6540000.0,0.0,0.0,1.4300000000000002,2.27,59128700.0,60290000.0,0.0,0.0,1.04,1.4700000000000002,84290000.0,80280000.0,0.0,0.0,0.24000000000000002,0.11,18712000.0,20258000.0,0.0,0.0,0.56,0.02,57400000.0,73200000.0,0.0,0.0,0.39,0.03,36200000.0,50700000.0,0.0,0.0,0.8999999999999999,1.33,40320000.0,37300000.0,0.0,0.0
40,10,10020,12,4151,1599,1862,1695,14394,909,18,1540,2267,1.14,1.3,56900000.0,33110000.0,0.0,0.0,0.77,2.1599999999999997,112928300.0,72050000.0,0.0,0.0,0.35,0.49,44500000.0,55100000.0,0.0,0.0,0.37,1.5,12984900.0,8790000.0,0.0,0.0,1.05,0.05,107000000.0,153000000.0,0.0,0.0,0.06,0.04,11000000.0,6540000.0,0.0,0.0,1.4300000000000002,2.27,59128700.0,60290000.0,0.0,0.0,1.04,1.4700000000000002,84290000.0,80280000.0,0.0,0.0,0.24000000000000002,0.11,18712000.0,20258000.0,0.0,0.0,0.56,0.02,57400000.0,73200000.0,0.0,0.0,0.39,0.03,36200000.0,50700000.0,0.0,0.0,0.8999999999999999,1.33,40320000.0,37300000.0,0.0,0.0
41,13,11816,13,4479,1431,2044,2247,15966,2357,22,1755,2552,1.14,1.3,56900000.0,33110000.0,0.0,0.0,0.77,2.1599999999999997,112928300.0,72050000.0,0.0,0.0,0.35,0.49,44500000.0,55100000.0,0.0,0.0,0.37,1.5,12984900.0,8790000.0,0.0,0.0,1.05,0.05,107000000.0,153000000.0,0.0,0.0,0.06,0.04,11000000.0,6540000.0,0.0,0.0,1.4300000000000002,2.27,59128700.0,60290000.0,0.0,0.0,1.04,1.4700000000000002,84290000.0,80280000.0,0.0,0.0,0.24000000000000002,0.11,18712000.0,20258000.0,0.0,0.0,0.56,0.02,57400000.0,73200000.0,0.0,0.0,0.39,0.03,36200000.0,50700000.0,0.0,0.0,0.8999999999999999,1.33,40320000.0,37300000.0,0.0,0.0
42,12,12185,12,4302,1477,1924,1854,16946,1026,22,2099,3881,1.14,1.3,56900000.0,33110000.0,0.0,0.0,0.77,2.1599999999999997,112928300.0,72050000.0,0.0,0.0,0.35,0.49,44500000.0,55100000.0,0.0,0.0,0.37,1.5,12984900.0,8790000.0,0.0,0.0,1.05,0.05,107000000.0,153000000.0,0.0,0.0,0.06,0.04,11000000.0,6540000.0,0.0,0.0,1.4300000000000002,2.27,59128700.0,60290000.0,0.0,0.0,1.04,1.4700000000000002,84290000.0,80280000.0,0.0,0.0,0.24000000000000002,0.11,18712000.0,20258000.0,0.0,0.0,0.56,0.02,57400000.0,73200000.0,0.0,0.0,0.39,0.03,36200000.0,50700000.0,0.0,0.0,0.8999999999999999,1.33,40320000.0,37300000.0,0.0,0.0
43,10,9944,11,3986,1204,1876,1935,13784,1016,19,1761,2295,1.14,1.3,56900000.0,33110000.0,0.0,0.0,0.77,2.1599999999999997,112928300.0,72050000.0,0.0,0.0,0.35,0.49,44500000.0,55100000.0,0.0,0.0,0.37,1.5,12984900.0,8790000.0,0.0,0.0,1.05,0.05,107000000.0,153000000.0,0.0,0.0,0.06,0.04,11000000.0,6540000.0,0.0,0.0,1.4300000000000002,2.27,59128700.0,60290000.0,0.0,0.0,1.04,1.4700000000000002,84290000.0,80280000.0,0.0,0.0,0.24000000000000002,0.11,18712000.0,20258000.0,0.0,0.0,0.56,0.02,57400000.0,73200000.0,0.0,0.0,0.39,0.03,36200000.0,50700000.0,0.0,0.0,0.8999999999999999,1.33,40320000.0,37300000.0,0.0,0.0
44,12,18048,10,6040,1430,2059,1691,21818,1127,24,1567,3442,1.14,1.3,56900000.0,33110000.0,0.0,0.0,0.77,2.1599999999999997,112928300.0,72050000.0,0.0,0.0,0.35,0.49,44500000.0,55100000.0,0.0,0.0,0.37,1.5,12984900.0,8790000.0,0.0,0.0,1.05,0.05,107000000.0,153000000.0,0.0,0.0,0.06,0.04,11000000.0,6540000.0,0.0,0.0,1.4300000000000002,2.27,59128700.0,60290000.0,0.0,0.0,1.04,1.4700000000000002,84290000.0,80280000.0,0.0,0.0,0.24000000000000002,0.11,18712000.0,20258000.0,0.0,0.0,0.56,0.02,57400000.0,73200000.0,0.0,0.0,0.39,0.03,36200000.0,50700000.0,0.0,0.0,0.8999999999999999,1.33,40320000.0,37300000.0,0.0,0.0
45,12,12215,11,4737,1691,2259,1889,18040,1184,23,1889,3641,1.14,1.3,56900000.0,33110000.0,0.0,0.0,0.77,2.1599999999999997,112928300.0,72050000.0,0.0,0.0,0.35,0.49,44500000.0,55100000.0,0.0,0.0,0.37,1.5,12984900.0,8790000.0,0.0,0.0,1.05,0.05,107000000.0,153000000.0,0.0,0.0,0.06,0.04,11000000.0,6540000.0,0.0,0.0,1.4300000000000002,2.27,59128700.0,60290000.0,0.0,0.0,1.04,1.4700000000000002,84290000.0,80280000.0,0.0,0.0,0.24000000000000002,0.11,18712000.0,20258000.0,0.0,0.0,0.56,0.02,57400000.0,73200000.0,0.0,0.0,0.39,0.03,36200000.0,50700000.0,0.0,0.0,0.8999999999999999,1.33,40320000.0,37300000.0,0.0,0.0
46,11,10865,25,4003,1430,1738,1900,17064,924,20,1926,3322,1.14,1.3,56900000.0,33110000.0,0.0,0.0,0.77,2.1599999999999997,112928300.0,72050000.0,0.0,0.0,0.35,0.49,44500000.0,55100000.0,0.0,0.0,0.37,1.5,12984900.0,8790000.0,0.0,0.0,1.05,0.05,107000000.0,153000000.0,0.0,0.0,0.06,0.04,11000000.0,6540000.0,0.0,0.0,1.4300000000000002,2.27,59128700.0,60290000.0,0.0,0.0,1.04,1.4700000000000002,84290000.0,80280000.0,0.0,0.0,0.24000000000000002,0.11,18712000.0,20258000.0,0.0,0.0,0.56,0.02,57400000.0,73200000.0,0.0,0.0,0.39,0.03,36200000.0,50700000.0,0.0,0.0,0.8999999999999999,1.33,40320000.0,37300000.0,0.0,0.0
47,11,10755,9,4333,1263,1916,1934,15419,1088,22,1637,2634,1.14,1.3,56900000.0,33110000.0,0.0,0.0,0.77,2.1599999999999997,112928300.0,72050000.0,0.0,0.0,0.35,0.49,44500000.0,55100000.0,0.0,0.0,0.37,1.5,12984900.0,8790000.0,0.0,0.0,1.05,0.05,107000000.0,153000000.0,0.0,0.0,0.06,0.04,11000000.0,6540000.0,0.0,0.0,1.4300000000000002,2.27,59128700.0,60290000.0,0.0,0.0,1.04,1.4700000000000002,84290000.0,80280000.0,0.0,0.0,0.24000000000000002,0.11,18712000.0,20258000.0,0.0,0.0,0.56,0.02,57400000.0,73200000.0,0.0,0.0,0.39,0.03,36200000.0,50700000.0,0.0,0.0,0.8999999999999999,1.33,40320000.0,37300000.0,0.0,0.0
48,10,10102,11,4060,1594,1827,1813,14578,1111,20,1563,2279,1.14,1.3,56900000.0,33110000.0,0.0,0.0,0.77,2.1599999999999997,112928300.0,72050000.0,0.0,0.0,0.35,0.49,44500000.0,55100000.0,0.0,0.0,0.37,1.5,12984900.0,8790000.0,0.0,0.0,1.05,0.05,107000000.0,153000000.0,0.0,0.0,0.06,0.04,11000000.0,6540000.0,0.0,0.0,1.4300000000000002,2.27,59128700.0,60290000.0,0.0,0.0,1.04,1.4700000000000002,84290000.0,80280000.0,0.0,0.0,0.24000000000000002,0.11,18712000.0,20258000.0,0.0,0.0,0.56,0.02,57400000.0,73200000.0,0.0,0.0,0.39,0.03,36200000.0,50700000.0,0.0,0.0,0.8999999999999999,1.33,40320000.0,37300000.0,0.0,0.0
49,12,9788,10,3994,1345,1817,1766,14085,976,21,1535,2078,1.14,1.3,56900000.0,33110000.0,0.0,0.0,0.77,2.1599999999999997,112928300.0,72050000.0,0.0,0.0,0.35,0.49,44500000.0,55100000.0,0.0,0.0,0.37,1.5,12984900.0,8790000.0,0.0,0.0,1.05,0.05,107000000.0,153000000.0,0.0,0.0,0.06,0.04,11000000.0,6540000.0,0.0,0.0,1.4300000000000002,2.27,59128700.0,60290000.0,0.0,0.0,1.04,1.4700000000000002,84290000.0,80280000.0,0.0,0.0,0.24000000000000002,0.11,18712000.0,20258000.0,0.0,0.0,0.56,0.02,57400000.0,73200000.0,0.0,0.0,0.39,0.03,36200000.0,50700000.0,0.0,0.0,0.8999999999999999,1.33,40320000.0,37300000.0,0.0,0.0
50,10,10047,10,4287,1546,1850,1932,13708,1142,21,1517,2112,1.14,1.3,56900000.0,33110000.0,0.0,0.0,0.77,2.1599999999999997,112928300.0,72050000.0,0.0,0.0,0.35,0.49,44500000.0,55100000.0,0.0,0.0,0.37,1.5,12984900.0,8790000.0,0.0,0.0,1.05,0.05,107000000.0,153000000.0,0.0,0.0,0.06,0.04,11000000.0,6540000.0,0.0,0.0,1.4300000000000002,2.27,59128700.0,60290000.0,0.0,0.0,1.04,1.4700000000000002,84290000.0,80280000.0,0.0,0.0,0.24000000000000002,0.11,18712000.0,20258000.0,0.0,0.0,0.56,0.02,57400000.0,73200000.0,0.0,0.0,0.39,0.03,36200000.0,50700000.0,0.0,0.0,0.8999999999999999,1.33,40320000.0,37300000.0,0.0,0.0
51,12,11019,10,4439,1580,1882,1845,15517,1427,21,1616,2408,1.14,1.3,56900000.0,33110000.0,0.0,0.0,0.77,2.1599999999999997,112928300.0,72050000.0,0.0,0.0,0.35,0.49,44500000.0,55100000.0,0.0,0.0,0.37,1.5,12984900.0,8790000.0,0.0,0.0,1.05,0.05,107000000.0,153000000.0,0.0,0.0,0.06,0.04,11000000.0,6540000.0,0.0,0.0,1.4300000000000002,2.27,59128700.0,60290000.0,0.0,0.0,1.04,1.4700000000000002,84290000.0,80280000.0,0.0,0.0,0.24000000000000002,0.11,18712000.0,20258000.0,0.0,0.0,0.56,0.02,57400000.0,73200000.0,0.0,0.0,0.39,0.03,36200000.0,50700000.0,0.0,0.0,0.8999999999999999,1.33,40320000.0,37300000.0,0.0,0.0
52,12,10960,11,4375,1828,1890,1888,14500,1081,24,1648,2257,1.14,1.3,56900000.0,33110000.0,0.0,0.0,0.77,2.1599999999999997,112928300.0,72050000.0,0.0,0.0,0.35,0.49,44500000.0,55100000.0,0.0,0.0,0.37,1.5,12984900.0,8790000.0,0.0,0.0,1.05,0.05,107000000.0,153000000.0,0.0,0.0,0.06,0.04,11000000.0,6540000.0,0.0,0.0,1.4300000000000002,2.27,59128700.0,60290000.0,0.0,0.0,1.04,1.4700000000000002,84290000.0,80280000.0,0.0,0.0,0.24000000000000002,0.11,18712000.0,20258000.0,0.0,0.0,0.56,0.02,57400000.0,73200000.0,0.0,0.0,0.39,0.03,36200000.0,50700000.0,0.0,0.0,0.8999999999999999,1.33,40320000.0,37300000.0,0.0,0.0
53,12,10900,14,4066,1374,1861,2341,16259,1037,21,1594,2535,1.14,1.3,56900000.0,33110000.0,0.0,0.0,0.77,2.1599999999999997,112928300.0,72050000.0,0.0,0.0,0.35,0.49,44500000.0,55100000.0,0.0,0.0,0.37,1.5,12984900.0,8790000.0,0.0,0.0,1.05,0.05,107000000.0,153000000.0,0.0,0.0,0.06,0.04,11000000.0,6540000.0,0.0,0.0,1.4300000000000002,2.27,59128700.0,60290000.0,0.0,0.0,1.04,1.4700000000000002,84290000.0,80280000.0,0.0,0.0,0.24000000000000002,0.11,18712000.0,20258000.0,0.0,0.0,0.56,0.02,57400000.0,73200000.0,0.0,0.0,0.39,0.03,36200000.0,50700000.0,0.0,0.0,0.8999999999999999,1.33,40320000.0,37300000.0,0.0,0.0
54,11,10994,11,4842,1235,2659,1906,15650,1006,22,1767,2354,1.14,1.3,56900000.0,33110000.0,0.0,0.0,0.77,2.1599999999999997,112928300.0,72050000.0,0.0,0.0,0.35,0.49,44500000.0,55100000.0,0.0,0.0,0.37,1.5,12984900.0,8790000.0,0.0,0.0,1.05,0.05,107000000.0,153000000.0,0.0,0.0,0.06,0.04,11000000.0,6540000.0,0.0,0.0,1.4300000000000002,2.27,59128700.0,60290000.0,0.0,0.0,1.04,1.4700000000000002,84290000.0,80280000.0,0.0,0.0,0.24000000000000002,0.11,18712000.0,20258000.0,0.0,0.0,0.56,0.02,57400000.0,73200000.0,0.0,0.0,0.39,0.03,36200000.0,50700000.0,0.0,0.0,0.8999999999999999,1.33,40320000.0,37300000.0,0.0,0.0
55,11,10208,11,4235,1561,1927,1842,14584,913,20,1609,2306,1.14,1.3,56900000.0,33110000.0,0.0,0.0,0.77,2.1599999999999997,112928300.0,72050000.0,0.0,0.0,0.35,0.49,44500000.0,55100000.0,0.0,0.0,0.37,1.5,12984900.0,8790000.0,0.0,0.0,1.05,0.05,107000000.0,153000000.0,0.0,0.0,0.06,0.04,11000000.0,6540000.0,0.0,0.0,1.4300000000000002,2.27,59128700.0,60290000.0,0.0,0.0,1.04,1.4700000000000002,84290000.0,80280000.0,0.0,0.0,0.24000000000000002,0.11,18712000.0,20258000.0,0.0,0.0,0.56,0.02,57400000.0,73200000.0,0.0,0.0,0.39,0.03,36200000.0,50700000.0,0.0,0.0,0.8999999999999999,1.33,40320000.0,37300000.0,0.0,0.0
56,10,9943,12,3996,1451,1829,1746,13617,950,49,1728,2443,1.14,1.3,56900000.0,33110000.0,0.0,0.0,0.77,2.1599999999999997,112928300.0,72050000.0,0.0,0.0,0.35,0.49,44500000.0,55100000.0,0.0,0.0,0.37,1.5,12984900.0,8790000.0,0.0,0.0,1.05,0.05,107000000.0,153000000.0,0.0,0.0,0.06,0.04,11000000.0,6540000.0,0.0,0.0,1.4300000000000002,2.27,59128700.0,60290000.0,0.0,0.0,1.04,1.4700000000000002,84290000.0,80280000.0,0.0,0.0,0.24000000000000002,0.11,18712000.0,20258000.0,0.0,0.0,0.56,0.02,57400000.0,73200000.0,0.0,0.0,0.39,0.03,36200000.0,50700000.0,0.0,0.0,0.8999999999999999,1.33,40320000.0,37300000.0,0.0,0.0
57,13,13954,15,8201,2970,3486,1888,24563,1260,23,1738,2498,1.14,1.3,56900000.0,33110000.0,0.0,0.0,0.77,2.1599999999999997,112928300.0,72050000.0,0.0,0.0,0.35,0.49,44500000.0,55100000.0,0.0,0.0,0.37,1.5,12984900.0,8790000.0,0.0,0.0,1.05,0.05,107000000.0,153000000.0,0.0,0.0,0.06,0.04,11000000.0,6540000.0,0.0,0.0,1.4300000000000002,2.27,59128700.0,60290000.0,0.0,0.0,1.04,1.4700000000000002,84290000.0,80280000.0,0.0,0.0,0.24000000000000002,0.11,18712000.0,20258000.0,0.0,0.0,0.56,0.02,57400000.0,73200000.0,0.0,0.0,0.39,0.03,36200000.0,50700000.0,0.0,0.0,0.8999999999999999,1.33,40320000.0,37300000.0,0.0,0.0
58,10,11270,11,4105,1534,1764,1651,15170,1060,20,1687,2365,1.14,1.3,56900000.0,33110000.0,0.0,0.0,0.77,2.1599999999999997,112928300.0,72050000.0,0.0,0.0,0.35,0.49,44500000.0,55100000.0,0.0,0.0,0.37,1.5,12984900.0,8790000.0,0.0,0.0,1.05,0.05,107000000.0,153000000.0,0.0,0.0,0.06,0.04,11000000.0,6540000.0,0.0,0.0,1.4300000000000002,2.27,59128700.0,60290000.0,0.0,0.0,1.04,1.4700000000000002,84290000.0,80280000.0,0.0,0.0,0.24000000000000002,0.11,18712000.0,20258000.0,0.0,0.0,0.56,0.02,57400000.0,73200000.0,0.0,0.0,0.39,0.03,36200000.0,50700000.0,0.0,0.0,0.8999999999999999,1.33,40320000.0,37300000.0,0.0,0.0
59,11,9642,11,3946,1112,1909,1825,13268,983,19,1392,1942,1.14,1.3,56900000.0,33110000.0,0.0,0.0,0.77,2.1599999999999997,112928300.0,72050000.0,0.0,0.0,0.35,0.49,44500000.0,55100000.0,0.0,0.0,0.37,1.5,12984900.0,8790000.0,0.0,0.0,1.05,0.05,107000000.0,153000000.0,0.0,0.0,0.06,0.04,11000000.0,6540000.0,0.0,0.0,1.4300000000000002,2.27,59128700.0,60290000.0,0.0,0.0,1.04,1.4700000000000002,84290000.0,80280000.0,0.0,0.0,0.24000000000000002,0.11,18712000.0,20258000.0,0.0,0.0,0.56,0.02,57400000.0,73200000.0,0.0,0.0,0.39,0.03,36200000.0,50700000.0,0.0,0.0,0.8999999999999999,1.33,40320000.0,37300000.0,0.0,0.0
60,10,10517,11,3929,1345,1799,1928,14710,2085,20,1815,2526,1.14,1.3,56900000.0,33110000.0,0.0,0.0,0.77,2.1599999999999997,112928300.0,72050000.0,0.0,0.0,0.35,0.49,44500000.0,55100000.0,0.0,0.0,0.37,1.5,12984900.0,8790000.0,0.0,0.0,1.05,0.05,107000000.0,153000000.0,0.0,0.0,0.06,0.04,11000000.0,6540000.0,0.0,0.0,1.4300000000000002,2.27,59128700.0,60290000.0,0.0,0.0,1.04,1.4700000000000002,84290000.0,80280000.0,0.0,0.0,0.24000000000000002,0.11,18712000.0,20258000.0,0.0,0.0,0.56,0.02,57400000.0,73200000.0,0.0,0.0,0.39,0.03,36200000.0,50700000.0,0.0,0.0,0.8999999999999999,1.33,40320000.0,37300000.0,0.0,0.0
61,13,11387,12,4496,1756,1952,1780,15807,1339,20,2359,2958,1.14,1.3,56900000.0,33110000.0,0.0,0.0,0.77,2.1599999999999997,112928300.0,72050000.0,0.0,0.0,0.35,0.49,44500000.0,55100000.0,0.0,0.0,0.37,1.5,12984900.0,8790000.0,0.0,0.0,1.05,0.05,107000000.0,153000000.0,0.0,0.0,0.06,0.04,11000000.0,6540000.0,0.0,0.0,1.4300000000000002,2.27,59128700.0,60290000.0,0.0,0.0,1.04,1.4700000000000002,84290000.0,80280000.0,0.0,0.0,0.24000000000000002,0.11,18712000.0,20258000.0,0.0,0.0,0.56,0.02,57400000.0,73200000.0,0.0,0.0,0.39,0.03,36200000.0,50700000.0,0.0,0.0,0.8999999999999999,1.33,40320000.0,37300000.0,0.0,0.0
62,10,10772,11,4331,1598,1928,1771,15226,901,20,1523,2268,1.14,1.3,56900000.0,33110000.0,0.0,0.0,0.77,2.1599999999999997,112928300.0,72050000.0,0.0,0.0,0.35,0.49,44500000.0,55100000.0,0.0,0.0,0.37,1.5,12984900.0,8790000.0,0.0,0.0,1.05,0.05,107000000.0,153000000.0,0.0,0.0,0.06,0.04,11000000.0,6540000.0,0.0,0.0,1.4300000000000002,2.27,59128700.0,60290000.0,0.0,0.0,1.04,1.4700000000000002,84290000.0,80280000.0,0.0,0.0,0.24000000000000002,0.11,18712000.0,20258000.0,0.0,0.0,0.56,0.02,57400000.0,73200000.0,0.0,0.0,0.39,0.03,36200000.0,50700000.0,0.0,0.0,0.8999999999999999,1.33,40320000.0,37300000.0,0.0,0.0
63,10,9664,10,3893,1346,1764,1607,14368,927,20,1508,2135,1.14,1.3,56900000.0,33110000.0,0.0,0.0,0.77,2.1599999999999997,112928300.0,72050000.0,0.0,0.0,0.35,0.49,44500000.0,55100000.0,0.0,0.0,0.37,1.5,12984900.0,8790000.0,0.0,0.0,1.05,0.05,107000000.0,153000000.0,0.0,0.0,0.06,0.04,11000000.0,6540000.0,0.0,0.0,1.4300000000000002,2.27,59128700.0,60290000.0,0.0,0.0,1.04,1.4700000000000002,84290000.0,80280000.0,0.0,0.0,0.24000000000000002,0.11,18712000.0,20258000.0,0.0,0.0,0.56,0.02,57400000.0,73200000.0,0.0,0.0,0.39,0.03,36200000.0,50700000.0,0.0,0.0,0.8999999999999999,1.33,40320000.0,37300000.0,0.0,0.0
64,11,10227,11,4053,1489,1762,1666,14589,901,19,2058,2786,1.14,1.3,56900000.0,33110000.0,0.0,0.0,0.77,2.1599999999999997,112928300.0,72050000.0,0.0,0.0,0.35,0.49,44500000.0,55100000.0,0.0,0.0,0.37,1.5,12984900.0,8790000.0,0.0,0.0,1.05,0.05,107000000.0,153000000.0,0.0,0.0,0.06,0.04,11000000.0,6540000.0,0.0,0.0,1.4300000000000002,2.27,59128700.0,60290000.0,0.0,0.0,1.04,1.4700000000000002,84290000.0,80280000.0,0.0,0.0,0.24000000000000002,0.11,18712000.0,20258000.0,0.0,0.0,0.56,0.02,57400000.0,73200000.0,0.0,0.0,0.39,0.03,36200000.0,50700000.0,0.0,0.0,0.8999999999999999,1.33,40320000.0,37300000.0,0.0,0.0
65,11,9875,11,4098,1298,1945,1763,13415,914,21,1533,2129,1.14,1.3,56900000.0,33110000.0,0.0,0.0,0.77,2.1599999999999997,112928300.0,72050000.0,0.0,0.0,0.35,0.49,44500000.0,55100000.0,0.0,0.0,0.37,1.5,12984900.0,8790000.0,0.0,0.0,1.05,0.05,107000000.0,153000000.0,0.0,0.0,0.06,0.04,11000000.0,6540000.0,0.0,0.0,1.4300000000000002,2.27,59128700.0,60290000.0,0.0,0.0,1.04,1.4700000000000002,84290000.0,80280000.0,0.0,0.0,0.24000000000000002,0.11,18712000.0,20258000.0,0.0,0.0,0.56,0.02,57400000.0,73200000.0,0.0,0.0,0.39,0.03,36200000.0,50700000.0,0.0,0.0,0.8999999999999999,1.33,40320000.0,37300000.0,0.0,0.0
66,13,10317,12,4192,1428,1907,1918,14648,1109,20,1783,2320,1.14,1.3,56900000.0,33110000.0,0.0,0.0,0.77,2.1599999999999997,112928300.0,72050000.0,0.0,0.0,0.35,0.49,44500000.0,55100000.0,0.0,0.0,0.37,1.5,12984900.0,8790000.0,0.0,0.0,1.05,0.05,107000000.0,153000000.0,0.0,0.0,0.06,0.04,11000000.0,6540000.0,0.0,0.0,1.4300000000000002,2.27,59128700.0,60290000.0,0.0,0.0,1.04,1.4700000000000002,84290000.0,80280000.0,0.0,0.0,0.24000000000000002,0.11,18712000.0,20258000.0,0.0,0.0,0.56,0.02,57400000.0,73200000.0,0.0,0.0,0.39,0.03,36200000.0,50700000.0,0.0,0.0,0.8999999999999999,1.33,40320000.0,37300000.0,0.0,0.0
67,14,10741,11,4370,1527,1886,1712,15356,1049,22,1732,2419,1.14,1.3,56900000.0,33110000.0,0.0,0.0,0.77,2.1599999999999997,112928300.0,72050000.0,0.0,0.0,0.35,0.49,44500000.0,55100000.0,0.0,0.0,0.37,1.5,12984900.0,8790000.0,0.0,0.0,1.05,0.05,107000000.0,153000000.0,0.0,0.0,0.06,0.04,11000000.0,6540000.0,0.0,0.0,1.4300000000000002,2.27,59128700.0,60290000.0,0.0,0.0,1.04,1.4700000000000002,84290000.0,80280000.0,0.0,0.0,0.24000000000000002,0.11,18712000.0,20258000.0,0.0,0.0,0.56,0.02,57400000.0,73200000.0,0.0,0.0,0.39,0.03,36200000.0,50700000.0,0.0,0.0,0.8999999999999999,1.33,40320000.0,37300000.0,0.0,0.0
68,11,13672,12,5177,1470,2809,1816,19038,3879,22,1436,2183,1.14,1.3,56900000.0,33110000.0,0.0,0.0,0.77,2.1599999999999997,112928300.0,72050000.0,0.0,0.0,0.35,0.49,44500000.0,55100000.0,0.0,0.0,0.37,1.5,12984900.0,8790000.0,0.0,0.0,1.05,0.05,107000000.0,153000000.0,0.0,0.0,0.06,0.04,11000000.0,6540000.0,0.0,0.0,1.4300000000000002,2.27,59128700.0,60290000.0,0.0,0.0,1.04,1.4700000000000002,84290000.0,80280000.0,0.0,0.0,0.24000000000000002,0.11,18712000.0,20258000.0,0.0,0.0,0.56,0.02,57400000.0,73200000.0,0.0,0.0,0.39,0.03,36200000.0,50700000.0,0.0,0.0,0.8999999999999999,1.33,40320000.0,37300000.0,0.0,0.0
69,9,11005,11,5298,1637,2942,1791,15271,1052,22,1533,2153,1.14,1.3,56900000.0,33110000.0,0.0,0.0,0.77,2.1599999999999997,112928300.0,72050000.0,0.0,0.0,0.35,0.49,44500000.0,55100000.0,0.0,0.0,0.37,1.5,12984900.0,8790000.0,0.0,0.0,1.05,0.05,107000000.0,153000000.0,0.0,0.0,0.06,0.04,11000000.0,6540000.0,0.0,0.0,1.4300000000000002,2.27,59128700.0,60290000.0,0.0,0.0,1.04,1.4700000000000002,84290000.0,80280000.0,0.0,0.0,0.24000000000000002,0.11,18712000.0,20258000.0,0.0,0.0,0.56,0.02,57400000.0,73200000.0,0.0,0.0,0.39,0.03,36200000.0,50700000.0,0.0,0.0,0.8999999999999999,1.33,40320000.0,37300000.0,0.0,0.0
70,9,17508,11,5173,1265,1696,1929,20334,1117,22,1637,3265,1.14,1.3,56900000.0,33110000.0,0.0,0.0,0.77,2.1599999999999997,112928300.0,72050000.0,0.0,0.0,0.35,0.49,44500000.0,55100000.0,0.0,0.0,0.37,1.5,12984900.0,8790000.0,0.0,0.0,1.05,0.05,107000000.0,153000000.0,0.0,0.0,0.06,0.04,11000000.0,6540000.0,0.0,0.0,1.4300000000000002,2.27,59128700.0,60290000.0,0.0,0.0,1.04,1.4700000000000002,84290000.0,80280000.0,0.0,0.0,0.24000000000000002,0.11,18712000.0,20258000.0,0.0,0.0,0.56,0.02,57400000.0,73200000.0,0.0,0.0,0.39,0.03,36200000.0,50700000.0,0.0,0.0,0.8999999999999999,1.33,40320000.0,37300000.0,0.0,0.0
71,11,10273,11,3989,1318,1787,1776,14614,1156,21,1639,2407,1.14,1.3,56900000.0,33110000.0,0.0,0.0,0.77,2.1599999999999997,112928300.0,72050000.0,0.0,0.0,0.35,0.49,44500000.0,55100000.0,0.0,0.0,0.37,1.5,12984900.0,8790000.0,0.0,0.0,1.05,0.05,107000000.0,153000000.0,0.0,0.0,0.06,0.04,11000000.0,6540000.0,0.0,0.0,1.4300000000000002,2.27,59128700.0,60290000.0,0.0,0.0,1.04,1.4700000000000002,84290000.0,80280000.0,0.0,0.0,0.24000000000000002,0.11,18712000.0,20258000.0,0.0,0.0,0.56,0.02,57400000.0,73200000.0,0.0,0.0,0.39,0.03,36200000.0,50700000.0,0.0,0.0,0.8999999999999999,1.33,40320000.0,37300000.0,0.0,0.0
72,9,10984,10,4114,1307,1859,1829,14603,958,20,1618,2269,1.14,1.3,56900000.0,33110000.0,0.0,0.0,0.77,2.1599999999999997,112928300.0,72050000.0,0.0,0.0,0.35,0.49,44500000.0,55100000.0,0.0,0.0,0.37,1.5,12984900.0,8790000.0,0.0,0.0,1.05,0.05,107000000.0,153000000.0,0.0,0.0,0.06,0.04,11000000.0,6540000.0,0.0,0.0,1.4300000000000002,2.27,59128700.0,60290000.0,0.0,0.0,1.04,1.4700000000000002,84290000.0,80280000.0,0.0,0.0,0.24000000000000002,0.11,18712000.0,20258000.0,0.0,0.0,0.56,0.02,57400000.0,73200000.0,0.0,0.0,0.39,0.03,36200000.0,50700000.0,0.0,0.0,0.8999999999999999,1.33,40320000.0,37300000.0,0.0,0.0
73,11,9468,8,4024,1274,1703,1780,12765,1011,18,1460,2002,1.14,1.3,56900000.0,33110000.0,0.0,0.0,0.77,2.1599999999999997,112928300.0,72050000.0,0.0,0.0,0.35,0.49,44500000.0,55100000.0,0.0,0.0,0.37,1.5,12984900.0,8790000.0,0.0,0.0,1.05,0.05,107000000.0,153000000.0,0.0,0.0,0.06,0.04,11000000.0,6540000.0,0.0,0.0,1.4300000000000002,2.27,59128700.0,60290000.0,0.0,0.0,1.04,1.4700000000000002,84290000.0,80280000.0,0.0,0.0,0.24000000000000002,0.11,18712000.0,20258000.0,0.0,0.0,0.56,0.02,57400000.0,73200000.0,0.0,0.0,0.39,0.03,36200000.0,50700000.0,0.0,0.0,0.8999999999999999,1.33,40320000.0,37300000.0,0.0,0.0
74,7,9742,10,4024,1474,1794,1719,14170,1009,20,1580,2156,1.14,1.3,56900000.0,33110000.0,0.0,0.0,0.77,2.1599999999999997,112928300.0,72050000.0,0.0,0.0,0.35,0.49,44500000.0,55100000.0,0.0,0.0,0.37,1.5,12984900.0,8790000.0,0.0,0.0,1.05,0.05,107000000.0,153000000.0,0.0,0.0,0.06,0.04,11000000.0,6540000.0,0.0,0.0,1.4300000000000002,2.27,59128700.0,60290000.0,0.0,0.0,1.04,1.4700000000000002,84290000.0,80280000.0,0.0,0.0,0.24000000000000002,0.11,18712000.0,20258000.0,0.0,0.0,0.56,0.02,57400000.0,73200000.0,0.0,0.0,0.39,0.03,36200000.0,50700000.0,0.0,0.0,0.8999999999999999,1.33,40320000.0,37300000.0,0.0,0.0
75,12,10898,13,4328,1583,1945,2726,14782,1038,21,1484,2265,1.14,1.3,56900000.0,33110000.0,0.0,0.0,0.77,2.1599999999999997,112928300.0,72050000.0,0.0,0.0,0.35,0.49,44500000.0,55100000.0,0.0,0.0,0.37,1.5,12984900.0,8790000.0,0.0,0.0,1.05,0.05,107000000.0,153000000.0,0.0,0.0,0.06,0.04,11000000.0,6540000.0,0.0,0.0,1.4300000000000002,2.27,59128700.0,60290000.0,0.0,0.0,1.04,1.4700000000000002,84290000.0,80280000.0,0.0,0.0,0.24000000000000002,0.11,18712000.0,20258000.0,0.0,0.0,0.56,0.02,57400000.0,73200000.0,0.0,0.0,0.39,0.03,36200000.0,50700000.0,0.0,0.0,0.8999999999999999,1.33,40320000.0,37300000.0,0.0,0.0
76,10,9642,11,4062,1432,1901,1677,13341,1031,22,1473,2037,1.14,1.3,56900000.0,33110000.0,0.0,0.0,0.77,2.1599999999999997,112928300.0,72050000.0,0.0,0.0,0.35,0.49,44500000.0,55100000.0,0.0,0.0,0.37,1.5,12984900.0,8790000.0,0.0,0.0,1.05,0.05,107000000.0,153000000.0,0.0,0.0,0.06,0.04,11000000.0,6540000.0,0.0,0.0,1.4300000000000002,2.27,59128700.0,60290000.0,0.0,0.0,1.04,1.4700000000000002,84290000.0,80280000.0,0.0,0.0,0.24000000000000002,0.11,18712000.0,20258000.0,0.0,0.0,0.56,0.02,57400000.0,73200000.0,0.0,0.0,0.39,0.03,36200000.0,50700000.0,0.0,0.0,0.8999999999999999,1.33,40320000.0,37300000.0,0.0,0.0
77,19,11665,11,4772,1589,2040,1758,15692,965,30,1639,2494,1.14,1.3,56900000.0,33110000.0,0.0,0.0,0.77,2.1599999999999997,112928300.0,72050000.0,0.0,0.0,0.35,0.49,44500000.0,55100000.0,0.0,0.0,0.37,1.5,12984900.0,8790000.0,0.0,0.0,1.05,0.05,107000000.0,153000000.0,0.0,0.0,0.06,0.04,11000000.0,6540000.0,0.0,0.0,1.4300000000000002,2.27,59128700.0,60290000.0,0.0,0.0,1.04,1.4700000000000002,84290000.0,80280000.0,0.0,0.0,0.24000000000000002,0.11,18712000.0,20258000.0,0.0,0.0,0.56,0.02,57400000.0,73200000.0,0.0,0.0,0.39,0.03,36200000.0,50700000.0,0.0,0.0,0.8999999999999999,1.33,40320000.0,37300000.0,0.0,0.0
78,12,10430,10,3867,1239,1799,1628,14608,1068,21,1700,3083,1.14,1.3,56900000.0,33110000.0,0.0,0.0,0.77,2.1599999999999997,112928300.0,72050000.0,0.0,0.0,0.35,0.49,44500000.0,55100000.0,0.0,0.0,0.37,1.5,12984900.0,8790000.0,0.0,0.0,1.05,0.05,107000000.0,153000000.0,0.0,0.0,0.06,0.04,11000000.0,6540000.0,0.0,0.0,1.4300000000000002,2.27,59128700.0,60290000.0,0.0,0.0,1.04,1.4700000000000002,84290000.0,80280000.0,0.0,0.0,0.24000000000000002,0.11,18712000.0,20258000.0,0.0,0.0,0.56,0.02,57400000.0,73200000.0,0.0,0.0,0.39,0.03,36200000.0,50700000.0,0.0,0.0,0.8999999999999999,1.33,40320000.0,37300000.0,0.0,0.0
79,11,10635,11,4504,1479,2117,1894,14497,1076,29,1600,2313,1.14,1.3,56900000.0,33110000.0,0.0,0.0,0.77,2.1599999999999997,112928300.0,72050000.0,0.0,0.0,0.35,0.49,44500000.0,55100000.0,0.0,0.0,0.37,1.5,12984900.0,8790000.0,0.0,0.0,1.05,0.05,107000000.0,153000000.0,0.0,0.0,0.06,0.04,11000000.0,6540000.0,0.0,0.0,1.4300000000000002,2.27,59128700.0,60290000.0,0.0,0.0,1.04,1.4700000000000002,84290000.0,80280000.0,0.0,0.0,0.24000000000000002,0.11,18712000.0,20258000.0,0.0,0.0,0.56,0.02,57400000.0,73200000.0,0.0,0.0,0.39,0.03,36200000.0,50700000.0,0.0,0.0,0.8999999999999999,1.33,40320000.0,37300000.0,0.0,0.0
80,10,10455,11,3930,1256,1981,1907,14022,971,39,1822,2560,1.14,1.3,56900000.0,33110000.0,0.0,0.0,0.77,2.1599999999999997,112928300.0,72050000.0,0.0,0.0,0.35,0.49,44500000.0,55100000.0,0.0,0.0,0.37,1.5,12984900.0,8790000.0,0.0,0.0,1.05,0.05,107000000.0,153000000.0,0.0,0.0,0.06,0.04,11000000.0,6540000.0,0.0,0.0,1.4300000000000002,2.27,59128700.0,60290000.0,0.0,0.0,1.04,1.4700000000000002,84290000.0,80280000.0,0.0,0.0,0.24000000000000002,0.11,18712000.0,20258000.0,0.0,0.0,0.56,0.02,57400000.0,73200000.0,0.0,0.0,0.39,0.03,36200000.0,50700000.0,0.0,0.0,0.8999999999999999,1.33,40320000.0,37300000.0,0.0,0.0
81,10,8835,9,3769,1322,1718,1492,12113,967,19,1461,1921,1.14,1.3,56900000.0,33110000.0,0.0,0.0,0.77,2.1599999999999997,112928300.0,72050000.0,0.0,0.0,0.35,0.49,44500000.0,55100000.0,0.0,0.0,0.37,1.5,12984900.0,8790000.0,0.0,0.0,1.05,0.05,107000000.0,153000000.0,0.0,0.0,0.06,0.04,11000000.0,6540000.0,0.0,0.0,1.4300000000000002,2.27,59128700.0,60290000.0,0.0,0.0,1.04,1.4700000000000002,84290000.0,80280000.0,0.0,0.0,0.24000000000000002,0.11,18712000.0,20258000.0,0.0,0.0,0.56,0.02,57400000.0,73200000.0,0.0,0.0,0.39,0.03,36200000.0,50700000.0,0.0,0.0,0.8999999999999999,1.33,40320000.0,37300000.0,0.0,0.0
82,11,10388,12,4306,1483,2009,1877,14108,1041,21,1468,2069,1.14,1.3,56900000.0,33110000.0,0.0,0.0,0.77,2.1599999999999997,112928300.0,72050000.0,0.0,0.0,0.35,0.49,44500000.0,55100000.0,0.0,0.0,0.37,1.5,12984900.0,8790000.0,0.0,0.0,1.05,0.05,107000000.0,153000000.0,0.0,0.0,0.06,0.04,11000000.0,6540000.0,0.0,0.0,1.4300000000000002,2.27,59128700.0,60290000.0,0.0,0.0,1.04,1.4700000000000002,84290000.0,80280000.0,0.0,0.0,0.24000000000000002,0.11,18712000.0,20258000.0,0.0,0.0,0.56,0.02,57400000.0,73200000.0,0.0,0.0,0.39,0.03,36200000.0,50700000.0,0.0,0.0,0.8999999999999999,1.33,40320000.0,37300000.0,0.0,0.0
83,12,10168,9,4076,1433,1858,1805,14798,1037,19,1645,2419,1.14,1.3,56900000.0,33110000.0,0.0,0.0,0.77,2.1599999999999997,112928300.0,72050000.0,0.0,0.0,0.35,0.49,44500000.0,55100000.0,0.0,0.0,0.37,1.5,12984900.0,8790000.0,0.0,0.0,1.05,0.05,107000000.0,153000000.0,0.0,0.0,0.06,0.04,11000000.0,6540000.0,0.0,0.0,1.4300000000000002,2.27,59128700.0,60290000.0,0.0,0.0,1.04,1.4700000000000002,84290000.0,80280000.0,0.0,0.0,0.24000000000000002,0.11,18712000.0,20258000.0,0.0,0.0,0.56,0.02,57400000.0,73200000.0,0.0,0.0,0.39,0.03,36200000.0,50700000.0,0.0,0.0,0.8999999999999999,1.33,40320000.0,37300000.0,0.0,0.0
84,9,18660,11,5770,1332,1718,1853,21656,1027,21,1689,3098,1.14,1.3,56900000.0,33110000.0,0.0,0.0,0.77,2.1599999999999997,112928300.0,72050000.0,0.0,0.0,0.35,0.49,44500000.0,55100000.0,0.0,0.0,0.37,1.5,12984900.0,8790000.0,0.0,0.0,1.05,0.05,107000000.0,153000000.0,0.0,0.0,0.06,0.04,11000000.0,6540000.0,0.0,0.0,1.4300000000000002,2.27,59128700.0,60290000.0,0.0,0.0,1.04,1.4700000000000002,84290000.0,80280000.0,0.0,0.0,0.24000000000000002,0.11,18712000.0,20258000.0,0.0,0.0,0.56,0.02,57400000.0,73200000.0,0.0,0.0,0.39,0.03,36200000.0,50700000.0,0.0,0.0,0.8999999999999999,1.33,40320000.0,37300000.0,0.0,0.0
85,12,11959,12,4466,1370,1901,1819,15675,1021,24,2077,2858,1.14,1.3,56900000.0,33110000.0,0.0,0.0,0.77,2.1599999999999997,112928300.0,72050000.0,0.0,0.0,0.35,0.49,44500000.0,55100000.0,0.0,0.0,0.37,1.5,12984900.0,8790000.0,0.0,0.0,1.05,0.05,107000000.0,153000000.0,0.0,0.0,0.06,0.04,11000000.0,6540000.0,0.0,0.0,1.4300000000000002,2.27,59128700.0,60290000.0,0.0,0.0,1.04,1.4700000000000002,84290000.0,80280000.0,0.0,0.0,0.24000000000000002,0.11,18712000.0,20258000.0,0.0,0.0,0.56,0.02,57400000.0,73200000.0,0.0,0.0,0.39,0.03,36200000.0,50700000.0,0.0,0.0,0.8999999999999999,1.33,40320000.0,37300000.0,0.0,0.0
86,13,10621,10,4181,1125,2007,1993,14789,1087,23,1548,2244,1.14,1.3,56900000.0,33110000.0,0.0,0.0,0.77,2.1599999999999997,112928300.0,72050000.0,0.0,0.0,0.35,0.49,44500000.0,55100000.0,0.0,0.0,0.37,1.5,12984900.0,8790000.0,0.0,0.0,1.05,0.05,107000000.0,153000000.0,0.0,0.0,0.06,0.04,11000000.0,6540000.0,0.0,0.0,1.4300000000000002,2.27,59128700.0,60290000.0,0.0,0.0,1.04,1.4700000000000002,84290000.0,80280000.0,0.0,0.0,0.24000000000000002,0.11,18712000.0,20258000.0,0.0,0.0,0.56,0.02,57400000.0,73200000.0,0.0,0.0,0.39,0.03,36200000.0,50700000.0,0.0,0.0,0.8999999999999999,1.33,40320000.0,37300000.0,0.0,0.0
87,12,11707,11,4275,1397,1830,1785,15765,1077,20,1886,2780,1.14,1.3,56900000.0,33110000.0,0.0,0.0,0.77,2.1599999999999997,112928300.0,72050000.0,0.0,0.0,0.35,0.49,44500000.0,55100000.0,0.0,0.0,0.37,1.5,12984900.0,8790000.0,0.0,0.0,1.05,0.05,107000000.0,153000000.0,0.0,0.0,0.06,0.04,11000000.0,6540000.0,0.0,0.0,1.4300000000000002,2.27,59128700.0,60290000.0,0.0,0.0,1.04,1.4700000000000002,84290000.0,80280000.0,0.0,0.0,0.24000000000000002,0.11,18712000.0,20258000.0,0.0,0.0,0.56,0.02,57400000.0,73200000.0,0.0,0.0,0.39,0.03,36200000.0,50700000.0,0.0,0.0,0.8999999999999999,1.33,40320000.0,37300000.0,0.0,0.0
88,11,10075,11,4125,1579,1797,1840,13792,1023,22,1445,2067,1.14,1.3,56900000.0,33110000.0,0.0,0.0,0.77,2.1599999999999997,112928300.0,72050000.0,0.0,0.0,0.35,0.49,44500000.0,55100000.0,0.0,0.0,0.37,1.5,12984900.0,8790000.0,0.0,0.0,1.05,0.05,107000000.0,153000000.0,0.0,0.0,0.06,0.04,11000000.0,6540000.0,0.0,0.0,1.4300000000000002,2.27,59128700.0,60290000.0,0.0,0.0,1.04,1.4700000000000002,84290000.0,80280000.0,0.0,0.0,0.24000000000000002,0.11,18712000.0,20258000.0,0.0,0.0,0.56,0.02,57400000.0,73200000.0,0.0,0.0,0.39,0.03,36200000.0,50700000.0,0.0,0.0,0.8999999999999999,1.33,40320000.0,37300000.0,0.0,0.0
89,11,10677,11,4296,1603,1888,2211,14141,1371,21,1684,2261,1.14,1.3,56900000.0,33110000.0,0.0,0.0,0.77,2.1599999999999997,112928300.0,72050000.0,0.0,0.0,0.35,0.49,44500000.0,55100000.0,0.0,0.0,0.37,1.5,12984900.0,8790000.0,0.0,0.0,1.05,0.05,107000000.0,153000000.0,0.0,0.0,0.06,0.04,11000000.0,6540000.0,0.0,0.0,1.4300000000000002,2.27,59128700.0,60290000.0,0.0,0.0,1.04,1.4700000000000002,84290000.0,80280000.0,0.0,0.0,0.24000000000000002,0.11,18712000.0,20258000.0,0.0,0.0,0.56,0.02,57400000.0,73200000.0,0.0,0.0,0.39,0.03,36200000.0,50700000.0,0.0,0.0,0.8999999999999999,1.33,40320000.0,37300000.0,0.0,0.0
90,12,10288,11,4296,1312,2046,1733,14542,849,21,1595,2267,1.14,1.3,56900000.0,33110000.0,0.0,0.0,0.77,2.1599999999999997,112928300.0,72050000.0,0.0,0.0,0.35,0.49,44500000.0,55100000.0,0.0,0.0,0.37,1.5,12984900.0,8790000.0,0.0,0.0,1.05,0.05,107000000.0,153000000.0,0.0,0.0,0.06,0.04,11000000.0,6540000.0,0.0,0.0,1.4300000000000002,2.27,59128700.0,60290000.0,0.0,0.0,1.04,1.4700000000000002,84290000.0,80280000.0,0.0,0.0,0.24000000000000002,0.11,18712000.0,20258000.0,0.0,0.0,0.56,0.02,57400000.0,73200000.0,0.0,0.0,0.39,0.03,36200000.0,50700000.0,0.0,0.0,0.8999999999999999,1.33,40320000.0,37300000.0,0.0,0.0
91,11,11089,11,4147,1518,1901,2108,15566,1132,21,1973,2617,1.14,1.3,56900000.0,33110000.0,0.0,0.0,0.77,2.1599999999999997,112928300.0,72050000.0,0.0,0.0,0.35,0.49,44500000.0,55100000.0,0.0,0.0,0.37,1.5,12984900.0,8790000.0,0.0,0.0,1.05,0.05,107000000.0,153000000.0,0.0,0.0,0.06,0.04,11000000.0,6540000.0,0.0,0.0,1.4300000000000002,2.27,59128700.0,60290000.0,0.0,0.0,1.04,1.4700000000000002,84290000.0,80280000.0,0.0,0.0,0.24000000000000002,0.11,18712000.0,20258000.0,0.0,0.0,0.56,0.02,57400000.0,73200000.0,0.0,0.0,0.39,0.03,36200000.0,50700000.0,0.0,0.0,0.8999999999999999,1.33,40320000.0,37300000.0,0.0,0.0
92,11,10704,11,4376,1478,2018,2122,15058,1014,21,1659,2315,1.14,1.3,56900000.0,33110000.0,0.0,0.0,0.77,2.1599999999999997,112928300.0,72050000.0,0.0,0.0,0.35,0.49,44500000.0,55100000.0,0.0,0.0,0.37,1.5,12984900.0,8790000.0,0.0,0.0,1.05,0.05,107000000.0,153000000.0,0.0,0.0,0.06,0.04,11000000.0,6540000.0,0.0,0.0,1.4300000000000002,2.27,59128700.0,60290000.0,0.0,0.0,1.04,1.4700000000000002,84290000.0,80280000.0,0.0,0.0,0.24000000000000002,0.11,18712000.0,20258000.0,0.0,0.0,0.56,0.02,57400000.0,73200000.0,0.0,0.0,0.39,0.03,36200000.0,50700000.0,0.0,0.0,0.8999999999999999,1.33,40320000.0,37300000.0,0.0,0.0
93,8,10127,10,3998,1425,1827,1724,13683,940,22,1674,2249,1.14,1.3,56900000.0,33110000.0,0.0,0.0,0.77,2.1599999999999997,112928300.0,72050000.0,0.0,0.0,0.35,0.49,44500000.0,55100000.0,0.0,0.0,0.37,1.5,12984900.0,8790000.0,0.0,0.0,1.05,0.05,107000000.0,153000000.0,0.0,0.0,0.06,0.04,11000000.0,6540000.0,0.0,0.0,1.4300000000000002,2.27,59128700.0,60290000.0,0.0,0.0,1.04,1.4700000000000002,84290000.0,80280000.0,0.0,0.0,0.24000000000000002,0.11,18712000.0,20258000.0,0.0,0.0,0.56,0.02,57400000.0,73200000.0,0.0,0.0,0.39,0.03,36200000.0,50700000.0,0.0,0.0,0.8999999999999999,1.33,40320000.0,37300000.0,0.0,0.0
94,12,11988,11,4377,1302,1932,1847,16138,1070,21,1636,2446,1.14,1.3,56900000.0,33110000.0,0.0,0.0,0.77,2.1599999999999997,112928300.0,72050000.0,0.0,0.0,0.35,0.49,44500000.0,55100000.0,0.0,0.0,0.37,1.5,12984900.0,8790000.0,0.0,0.0,1.05,0.05,107000000.0,153000000.0,0.0,0.0,0.06,0.04,11000000.0,6540000.0,0.0,0.0,1.4300000000000002,2.27,59128700.0,60290000.0,0.0,0.0,1.04,1.4700000000000002,84290000.0,80280000.0,0.0,0.0,0.24000000000000002,0.11,18712000.0,20258000.0,0.0,0.0,0.56,0.02,57400000.0,73200000.0,0.0,0.0,0.39,0.03,36200000.0,50700000.0,0.0,0.0,0.8999999999999999,1.33,40320000.0,37300000.0,0.0,0.0
95,11,11745,11,4413,1486,1927,1875,15929,1170,21,1500,2282,1.14,1.3,56900000.0,33110000.0,0.0,0.0,0.77,2.1599999999999997,112928300.0,72050000.0,0.0,0.0,0.35,0.49,44500000.0,55100000.0,0.0,0.0,0.37,1.5,12984900.0,8790000.0,0.0,0.0,1.05,0.05,107000000.0,153000000.0,0.0,0.0,0.06,0.04,11000000.0,6540000.0,0.0,0.0,1.4300000000000002,2.27,59128700.0,60290000.0,0.0,0.0,1.04,1.4700000000000002,84290000.0,80280000.0,0.0,0.0,0.24000000000000002,0.11,18712000.0,20258000.0,0.0,0.0,0.56,0.02,57400000.0,73200000.0,0.0,0.0,0.39,0.03,36200000.0,50700000.0,0.0,0.0,0.8999999999999999,1.33,40320000.0,37300000.0,0.0,0.0
96,10,10149,11,4251,1517,2010,1965,14505,1066,21,1606,2198,1.14,1.3,56900000.0,33110000.0,0.0,0.0,0.77,2.1599999999999997,112928300.0,72050000.0,0.0,0.0,0.35,0.49,44500000.0,55100000.0,0.0,0.0,0.37,1.5,12984900.0,8790000.0,0.0,0.0,1.05,0.05,107000000.0,153000000.0,0.0,0.0,0.06,0.04,11000000.0,6540000.0,0.0,0.0,1.4300000000000002,2.27,59128700.0,60290000.0,0.0,0.0,1.04,1.4700000000000002,84290000.0,80280000.0,0.0,0.0,0.24000000000000002,0.11,18712000.0,20258000.0,0.0,0.0,0.56,0.02,57400000.0,73200000.0,0.0,0.0,0.39,0.03,36200000.0,50700000.0,0.0,0.0,0.8999999999999999,1.33,40320000.0,37300000.0,0.0,0.0
97,30,9947,13,4202,1375,2050,1657,13443,917,21,1515,2244,1.14,1.3,56900000.0,33110000.0,0.0,0.0,0.77,2.1599999999999997,112928300.0,72050000.0,0.0,0.0,0.35,0.49,44500000.0,55100000.0,0.0,0.0,0.37,1.5,12984900.0,8790000.0,0.0,0.0,1.05,0.05,107000000.0,153000000.0,0.0,0.0,0.06,0.04,11000000.0,6540000.0,0.0,0.0,1.4300000000000002,2.27,59128700.0,60290000.0,0.0,0.0,1.04,1.4700000000000002,84290000.0,80280000.0,0.0,0.0,0.24000000000000002,0.11,18712000.0,20258000.0,0.0,0.0,0.56,0.02,57400000.0,73200000.0,0.0,0.0,0.39,0.03,36200000.0,50700000.0,0.0,0.0,0.8999999999999999,1.33,40320000.0,37300000.0,0.0,0.0
98,11,11207,11,4068,1286,1893,1857,16393,972,22,1550,3147,1.14,1.3,56900000.0,33110000.0,0.0,0.0,0.77,2.1599999999999997,112928300.0,72050000.0,0.0,0.0,0.35,0.49,44500000.0,55100000.0,0.0,0.0,0.37,1.5,12984900.0,8790000.0,0.0,0.0,1.05,0.05,107000000.0,153000000.0,0.0,0.0,0.06,0.04,11000000.0,6540000.0,0.0,0.0,1.4300000000000002,2.27,59128700.0,60290000.0,0.0,0.0,1.04,1.4700000000000002,84290000.0,80280000.0,0.0,0.0,0.24000000000000002,0.11,18712000.0,20258000.0,0.0,0.0,0.56,0.02,57400000.0,73200000.0,0.0,0.0,0.39,0.03,36200000.0,50700000.0,0.0,0.0,0.8999999999999999,1.33,40320000.0,37300000.0,0.0,0.0
99,11,18914,10,5810,1329,1809,2169,22172,1224,22,1742,3687,1.14,1.3,56900000.0,33110000.0,0.0,0.0,0.77,2.1599999999999997,112928300.0,72050000.0,0.0,0.0,0.35,0.49,44500000.0,55100000.0,0.0,0.0,0.37,1.5,12984900.0,8790000.0,0.0,0.0,1.05,0.05,107000000.0,153000000.0,0.0,0.0,0.06,0.04,11000000.0,6540000.0,0.0,0.0,1.4300000000000002,2.27,59128700.0,60290000.0,0.0,0.0,1.04,1.4700000000000002,84290000.0,80280000.0,0.0,0.0,0.24000000000000002,0.11,18712000.0,20258000.0,0.0,0.0,0.56,0.02,57400000.0,73200000.0,0.0,0.0,0.39,0.03,36200000.0,50700000.0,0.0,0.0,0.8999999999999999,1.33,40320000.0,37300000.0,0.0,0.0
100,12,13120,11,5141,1686,2190,2026,18303,1115,23,2009,3036,1.14,1.3,56900000.0,33110000.0,0.0,0.0,0.77,2.1599999999999997,112928300.0,72050000.0,0.0,0.0,0.35,0.49,44500000.0,55100000.0,0.0,0.0,0.37,1.5,12984900.0,8790000.0,0.0,0.0,1.05,0.05,107000000.0,153000000.0,0.0,0.0,0.06,0.04,11000000.0,6540000.0,0.0,0.0,1.4300000000000002,2.27,59128700.0,60290000.0,0.0,0.0,1.04,1.4700000000000002,84290000.0,80280000.0,0.0,0.0,0.24000000000000002,0.11,18712000.0,20258000.0,0.0,0.0,0.56,0.02,57400000.0,73200000.0,0.0,0.0,0.39,0.03,36200000.0,50700000.0,0.0,0.0,0.8999999999999999,1.33,40320000.0,37300000.0,0.0,0.0
101,10,10462,10,4023,1197,1823,1664,15101,982,20,1566,2153,1.14,1.3,56900000.0,33110000.0,0.0,0.0,0.77,2.1599999999999997,112928300.0,72050000.0,0.0,0.0,0.35,0.49,44500000.0,55100000.0,0.0,0.0,0.37,1.5,12984900.0,8790000.0,0.0,0.0,1.05,0.05,107000000.0,153000000.0,0.0,0.0,0.06,0.04,11000000.0,6540000.0,0.0,0.0,1.4300000000000002,2.27,59128700.0,60290000.0,0.0,0.0,1.04,1.4700000000000002,84290000.0,80280000.0,0.0,0.0,0.24000000000000002,0.11,18712000.0,20258000.0,0.0,0.0,0.56,0.02,57400000.0,73200000.0,0.0,0.0,0.39,0.03,36200000.0,50700000.0,0.0,0.0,0.8999999999999999,1.33,40320000.0,37300000.0,0.0,0.0
102,12,10760,11,4570,1592,2041,1948,15143,1060,23,1579,2107,1.14,1.3,56900000.0,33110000.0,0.0,0.0,0.77,2.1599999999999997,112928300.0,72050000.0,0.0,0.0,0.35,0.49,44500000.0,55100000.0,0.0,0.0,0.37,1.5,12984900.0,8790000.0,0.0,0.0,1.05,0.05,107000000.0,153000000.0,0.0,0.0,0.06,0.04,11000000.0,6540000.0,0.0,0.0,1.4300000000000002,2.27,59128700.0,60290000.0,0.0,0.0,1.04,1.4700000000000002,84290000.0,80280000.0,0.0,0.0,0.24000000000000002,0.11,18712000.0,20258000.0,0.0,0.0,0.56,0.02,57400000.0,73200000.0,0.0,0.0,0.39,0.03,36200000.0,50700000.0,0.0,0.0,0.8999999999999999,1.33,40320000.0,37300000.0,0.0,0.0
103,20,22528,24,7234,3095,3561,4162,33612,2834,44,3328,6092,1.14,1.3,56900000.0,33110000.0,0.0,0.0,0.77,2.1599999999999997,112928300.0,72050000.0,0.0,0.0,0.35,0.49,44500000.0,55100000.0,0.0,0.0,0.37,1.5,12984900.0,8790000.0,0.0,0.0,1.05,0.05,107000000.0,153000000.0,0.0,0.0,0.06,0.04,11000000.0,6540000.0,0.0,0.0,1.4300000000000002,2.27,59128700.0,60290000.0,0.0,0.0,1.04,1.4700000000000002,84290000.0,80280000.0,0.0,0.0,0.24000000000000002,0.11,18712000.0,20258000.0,0.0,0.0,0.56,0.02,57400000.0,73200000.0,0.0,0.0,0.39,0.03,36200000.0,50700000.0,0.0,0.0,0.8999999999999999,1.33,40320000.0,37300000.0,0.0,0.0
104,12,9734,11,3908,1371,1765,1672,14128,1009,16,1474,2206,1.14,1.3,56900000.0,33110000.0,0.0,0.0,0.77,2.1599999999999997,112928300.0,72050000.0,0.0,0.0,0.35,0.49,44500000.0,55100000.0,0.0,0.0,0.37,1.5,12984900.0,8790000.0,0.0,0.0,1.05,0.05,107000000.0,153000000.0,0.0,0.0,0.06,0.04,11000000.0,6540000.0,0.0,0.0,1.4300000000000002,2.27,59128700.0,60290000.0,0.0,0.0,1.04,1.4700000000000002,84290000.0,80280000.0,0.0,0.0,0.24000000000000002,0.11,18712000.0,20258000.0,0.0,0.0,0.56,0.02,57400000.0,73200000.0,0.0,0.0,0.39,0.03,36200000.0,50700000.0,0.0,0.0,0.8999999999999999,1.33,40320000.0,37300000.0,0.0,0.0
105,9,11310,10,4294,1400,1786,2257,14542,1067,21,1559,2489,1.14,1.3,56900000.0,33110000.0,0.0,0.0,0.77,2.1599999999999997,112928300.0,72050000.0,0.0,0.0,0.35,0.49,44500000.0,55100000.0,0.0,0.0,0.37,1.5,12984900.0,8790000.0,0.0,0.0,1.05,0.05,107000000.0,153000000.0,0.0,0.0,0.06,0.04,11000000.0,6540000.0,0.0,0.0,1.4300000000000002,2.27,59128700.0,60290000.0,0.0,0.0,1.04,1.4700000000000002,84290000.0,80280000.0,0.0,0.0,0.24000000000000002,0.11,18712000.0,20258000.0,0.0,0.0,0.56,0.02,57400000.0,73200000.0,0.0,0.0,0.39,0.03,36200000.0,50700000.0,0.0,0.0,0.8999999999999999,1.33,40320000.0,37300000.0,0.0,0.0
106,10,9633,10,3840,1246,1670,1727,13657,986,21,1528,2292,1.14,1.3,56900000.0,33110000.0,0.0,0.0,0.77,2.1599999999999997,112928300.0,72050000.0,0.0,0.0,0.35,0.49,44500000.0,55100000.0,0.0,0.0,0.37,1.5,12984900.0,8790000.0,0.0,0.0,1.05,0.05,107000000.0,153000000.0,0.0,0.0,0.06,0.04,11000000.0,6540000.0,0.0,0.0,1.4300000000000002,2.27,59128700.0,60290000.0,0.0,0.0,1.04,1.4700000000000002,84290000.0,80280000.0,0.0,0.0,0.24000000000000002,0.11,18712000.0,20258000.0,0.0,0.0,0.56,0.02,57400000.0,73200000.0,0.0,0.0,0.39,0.03,36200000.0,50700000.0,0.0,0.0,0.8999999999999999,1.33,40320000.0,37300000.0,0.0,0.0
107,10,9850,10,3950,1277,1824,1762,13615,1079,21,1460,2179,1.14,1.3,56900000.0,33110000.0,0.0,0.0,0.77,2.1599999999999997,112928300.0,72050000.0,0.0,0.0,0.35,0.49,44500000.0,55100000.0,0.0,0.0,0.37,1.5,12984900.0,8790000.0,0.0,0.0,1.05,0.05,107000000.0,153000000.0,0.0,0.0,0.06,0.04,11000000.0,6540000.0,0.0,0.0,1.4300000000000002,2.27,59128700.0,60290000.0,0.0,0.0,1.04,1.4700000000000002,84290000.0,80280000.0,0.0,0.0,0.24000000000000002,0.11,18712000.0,20258000.0,0.0,0.0,0.56,0.02,57400000.0,73200000.0,0.0,0.0,0.39,0.03,36200000.0,50700000.0,0.0,0.0,0.8999999999999999,1.33,40320000.0,37300000.0,0.0,0.0
108,10,10458,11,4134,1346,1912,1882,14982,1131,24,1560,2275,1.14,1.3,56900000.0,33110000.0,0.0,0.0,0.77,2.1599999999999997,112928300.0,72050000.0,0.0,0.0,0.35,0.49,44500000.0,55100000.0,0.0,0.0,0.37,1.5,12984900.0,8790000.0,0.0,0.0,1.05,0.05,107000000.0,153000000.0,0.0,0.0,0.06,0.04,11000000.0,6540000.0,0.0,0.0,1.4300000000000002,2.27,59128700.0,60290000.0,0.0,0.0,1.04,1.4700000000000002,84290000.0,80280000.0,0.0,0.0,0.24000000000000002,0.11,18712000.0,20258000.0,0.0,0.0,0.56,0.02,57400000.0,73200000.0,0.0,0.0,0.39,0.03,36200000.0,50700000.0,0.0,0.0,0.8999999999999999,1.33,40320000.0,37300000.0,0.0,0.0
109,9,11903,11,4114,1323,1759,2591,15532,1077,43,1710,2583,1.14,1.3,56900000.0,33110000.0,0.0,0.0,0.77,2.1599999999999997,112928300.0,72050000.0,0.0,0.0,0.35,0.49,44500000.0,55100000.0,0.0,0.0,0.37,1.5,12984900.0,8790000.0,0.0,0.0,1.05,0.05,107000000.0,153000000.0,0.0,0.0,0.06,0.04,11000000.0,6540000.0,0.0,0.0,1.4300000000000002,2.27,59128700.0,60290000.0,0.0,0.0,1.04,1.4700000000000002,84290000.0,80280000.0,0.0,0.0,0.24000000000000002,0.11,18712000.0,20258000.0,0.0,0.0,0.56,0.02,57400000.0,73200000.0,0.0,0.0,0.39,0.03,36200000.0,50700000.0,0.0,0.0,0.8999999999999999,1.33,40320000.0,37300000.0,0.0,0.0
110,12,9037,9,3642,1415,1641,1636,12857,1010,18,1462,2062,1.14,1.3,56900000.0,33110000.0,0.0,0.0,0.77,2.1599999999999997,112928300.0,72050000.0,0.0,0.0,0.35,0.49,44500000.0,55100000.0,0.0,0.0,0.37,1.5,12984900.0,8790000.0,0.0,0.0,1.05,0.05,107000000.0,153000000.0,0.0,0.0,0.06,0.04,11000000.0,6540000.0,0.0,0.0,1.4300000000000002,2.27,59128700.0,60290000.0,0.0,0.0,1.04,1.4700000000000002,84290000.0,80280000.0,0.0,0.0,0.24000000000000002,0.11,18712000.0,20258000.0,0.0,0.0,0.56,0.02,57400000.0,73200000.0,0.0,0.0,0.39,0.03,36200000.0,50700000.0,0.0,0.0,0.8999999999999999,1.33,40320000.0,37300000.0,0.0,0.0
111,12,17833,11,5795,1333,1919,1770,20815,1039,23,1536,2928,1.14,1.3,56900000.0,33110000.0,0.0,0.0,0.77,2.1599999999999997,112928300.0,72050000.0,0.0,0.0,0.35,0.49,44500000.0,55100000.0,0.0,0.0,0.37,1.5,12984900.0,8790000.0,0.0,0.0,1.05,0.05,107000000.0,153000000.0,0.0,0.0,0.06,0.04,11000000.0,6540000.0,0.0,0.0,1.4300000000000002,2.27,59128700.0,60290000.0,0.0,0.0,1.04,1.4700000000000002,84290000.0,80280000.0,0.0,0.0,0.24000000000000002,0.11,18712000.0,20258000.0,0.0,0.0,0.56,0.02,57400000.0,73200000.0,0.0,0.0,0.39,0.03,36200000.0,50700000.0,0.0,0.0,0.8999999999999999,1.33,40320000.0,37300000.0,0.0,0.0
112,11,9176,27,3670,1332,1662,1620,12783,881,21,1429,2174,1.14,1.3,56900000.0,33110000.0,0.0,0.0,0.77,2.1599999999999997,112928300.0,72050000.0,0.0,0.0,0.35,0.49,44500000.0,55100000.0,0.0,0.0,0.37,1.5,12984900.0,8790000.0,0.0,0.0,1.05,0.05,107000000.0,153000000.0,0.0,0.0,0.06,0.04,11000000.0,6540000.0,0.0,0.0,1.4300000000000002,2.27,59128700.0,60290000.0,0.0,0.0,1.04,1.4700000000000002,84290000.0,80280000.0,0.0,0.0,0.24000000000000002,0.11,18712000.0,20258000.0,0.0,0.0,0.56,0.02,57400000.0,73200000.0,0.0,0.0,0.39,0.03,36200000.0,50700000.0,0.0,0.0,0.8999999999999999,1.33,40320000.0,37300000.0,0.0,0.0
113,9,8860,9,3642,1373,1637,1820,11877,935,22,1454,2015,1.14,1.3,56900000.0,33110000.0,0.0,0.0,0.77,2.1599999999999997,112928300.0,72050000.0,0.0,0.0,0.35,0.49,44500000.0,55100000.0,0.0,0.0,0.37,1.5,12984900.0,8790000.0,0.0,0.0,1.05,0.05,107000000.0,153000000.0,0.0,0.0,0.06,0.04,11000000.0,6540000.0,0.0,0.0,1.4300000000000002,2.27,59128700.0,60290000.0,0.0,0.0,1.04,1.4700000000000002,84290000.0,80280000.0,0.0,0.0,0.24000000000000002,0.11,18712000.0,20258000.0,0.0,0.0,0.56,0.02,57400000.0,73200000.0,0.0,0.0,0.39,0.03,36200000.0,50700000.0,0.0,0.0,0.8999999999999999,1.33,40320000.0,37300000.0,0.0,0.0
114,13,11099,12,4286,1544,1930,2074,15339,1445,22,1792,2532,1.14,1.3,56900000.0,33110000.0,0.0,0.0,0.77,2.1599999999999997,112928300.0,72050000.0,0.0,0.0,0.35,0.49,44500000.0,55100000.0,0.0,0.0,0.37,1.5,12984900.0,8790000.0,0.0,0.0,1.05,0.05,107000000.0,153000000.0,0.0,0.0,0.06,0.04,11000000.0,6540000.0,0.0,0.0,1.4300000000000002,2.27,59128700.0,60290000.0,0.0,0.0,1.04,1.4700000000000002,84290000.0,80280000.0,0.0,0.0,0.24000000000000002,0.11,18712000.0,20258000.0,0.0,0.0,0.56,0.02,57400000.0,73200000.0,0.0,0.0,0.39,0.03,36200000.0,50700000.0,0.0,0.0,0.8999999999999999,1.33,40320000.0,37300000.0,0.0,0.0
115,10,10471,12,4331,1606,1910,1922,15277,1080,22,1602,2145,1.14,1.3,56900000.0,33110000.0,0.0,0.0,0.77,2.1599999999999997,112928300.0,72050000.0,0.0,0.0,0.35,0.49,44500000.0,55100000.0,0.0,0.0,0.37,1.5,12984900.0,8790000.0,0.0,0.0,1.05,0.05,107000000.0,153000000.0,0.0,0.0,0.06,0.04,11000000.0,6540000.0,0.0,0.0,1.4300000000000002,2.27,59128700.0,60290000.0,0.0,0.0,1.04,1.4700000000000002,84290000.0,80280000.0,0.0,0.0,0.24000000000000002,0.11,18712000.0,20258000.0,0.0,0.0,0.56,0.02,57400000.0,73200000.0,0.0,0.0,0.39,0.03,36200000.0,50700000.0,0.0,0.0,0.8999999999999999,1.33,40320000.0,37300000.0,0.0,0.0
116,12,9694,10,4113,1598,1809,1989,13181,1042,21,1412,1962,1.14,1.3,56900000.0,33110000.0,0.0,0.0,0.77,2.1599999999999997,112928300.0,72050000.0,0.0,0.0,0.35,0.49,44500000.0,55100000.0,0.0,0.0,0.37,1.5,12984900.0,8790000.0,0.0,0.0,1.05,0.05,107000000.0,153000000.0,0.0,0.0,0.06,0.04,11000000.0,6540000.0,0.0,0.0,1.4300000000000002,2.27,59128700.0,60290000.0,0.0,0.0,1.04,1.4700000000000002,84290000.0,80280000.0,0.0,0.0,0.24000000000000002,0.11,18712000.0,20258000.0,0.0,0.0,0.56,0.02,57400000.0,73200000.0,0.0,0.0,0.39,0.03,36200000.0,50700000.0,0.0,0.0,0.8999999999999999,1.33,40320000.0,37300000.0,0.0,0.0
117,11,10373,11,4032,1387,1832,1920,14530,1102,40,1795,2392,1.14,1.3,56900000.0,33110000.0,0.0,0.0,0.77,2.1599999999999997,112928300.0,72050000.0,0.0,0.0,0.35,0.49,44500000.0,55100000.0,0.0,0.0,0.37,1.5,12984900.0,8790000.0,0.0,0.0,1.05,0.05,107000000.0,153000000.0,0.0,0.0,0.06,0.04,11000000.0,6540000.0,0.0,0.0,1.4300000000000002,2.27,59128700.0,60290000.0,0.0,0.0,1.04,1.4700000000000002,84290000.0,80280000.0,0.0,0.0,0.24000000000000002,0.11,18712000.0,20258000.0,0.0,0.0,0.56,0.02,57400000.0,73200000.0,0.0,0.0,0.39,0.03,36200000.0,50700000.0,0.0,0.0,0.8999999999999999,1.33,40320000.0,37300000.0,0.0,0.0
118,12,10741,11,4143,1255,1928,1832,14818,965,16,1593,2726,1.14,1.3,56900000.0,33110000.0,0.0,0.0,0.77,2.1599999999999997,112928300.0,72050000.0,0.0,0.0,0.35,0.49,44500000.0,55100000.0,0.0,0.0,0.37,1.5,12984900.0,8790000.0,0.0,0.0,1.05,0.05,107000000.0,153000000.0,0.0,0.0,0.06,0.04,11000000.0,6540000.0,0.0,0.0,1.4300000000000002,2.27,59128700.0,60290000.0,0.0,0.0,1.04,1.4700000000000002,84290000.0,80280000.0,0.0,0.0,0.24000000000000002,0.11,18712000.0,20258000.0,0.0,0.0,0.56,0.02,57400000.0,73200000.0,0.0,0.0,0.39,0.03,36200000.0,50700000.0,0.0,0.0,0.8999999999999999,1.33,40320000.0,37300000.0,0.0,0.0
